,REF,ALT,before_mutation,after_mutation,CHROM,HGVS_cdna,POS,src
0,G,GTACTGGAAGGCGAGACCA,CCGCCGCCGCCCGTGCTGCCCGGGCCCTTCTTCATGCCGTCCGACCGCTCCACCGAGCGCTGCGAGACCGTACTGGAAGGCGAGACCATCTCGTGCTTCGTGGTGGGAGGCGAGAAGCGCCTGTGTCTGCCGCAGATTCT,CCGCCGCCGCCCGTGCTGCCCGGGCCCTTCTTCATGCCGTCCGACCGCTCCACCGAGCGCTGCGAGACCGTACTGGAAGGCGAGACCATACTGGAAGGCGAGACCATCTCGTGCTTCGTGGTGGGAGGCGAGAAGCGCCTGTGTCTGCCGCAGATTCT,chr1,736_1,2229076,hgmd
1,TGGTGGA,T,TGCACCCCTCCCCGTGCCTCTGTCCCACCTGCCACGCTGGGGCACGCACCTTGGTGGAGGGGGTCCTGCTGGTGGAGGTGGAGGTGGGAGTGAATGTGAGAGTGCTGGTGATGGTGCGGAGTCACGTTGAACATCTGCAGTCGGGC,TGCACCCCTCCCCGTGCCTCTGTCCCACCTGCCACGCTGGGGCACGCACCTTGGTGGAGGGGGTCCTGCTGGTGGAGGTGGGAGTGAATGTGAGAGTGCTGGTGATGGTGCGGAGTCACGTTGAACATCTGCAGTCGGGC,chr1,1012_1,8358216,hgmd
2,T,TGGTGGA,TGCACCCCTCCCCGTGCCTCTGTCCCACCTGCCACGCTGGGGCACGCACCTTGGTGGAGGGGGTCCTGCTGGTGGAGGTGGAGGTGGGAGTGAATGTGAGAGTGCTGGTGATGGTGCGGAGTCACGTTGAACATCTGCAG,TGCACCCCTCCCCGTGCCTCTGTCCCACCTGCCACGCTGGGGCACGCACCTTGGTGGAGGGGGTCCTGCTGGTGGAGGTGGAGGTGGAGGTGGGAGTGAATGTGAGAGTGCTGGTGATGGTGCGGAGTCACGTTGAACATCTGCAG,chr1,1016_1,8358216,hgmd
3,C,CATA,TACTAATAAACATACCTGAGTTGCTACATTTAACAAAGCTAATCGGCCATTTTTTGAAATAGTAAAAGACATAATAGGATGATCTTCTTGTACTCTGGAACCAGAAAATAATTTGTCAAAAACAACATATTAACAGTCAA,TACTAATAAACATACCTGAGTTGCTACATTTAACAAAGCTAATCGGCCATTTTTTGAAATAGTAAAAGACATAATAATAGGATGATCTTCTTGTACTCTGGAACCAGAAAATAATTTGTCAAAAACAACATATTAACAGTCAA,chr1,664_1,224398569,hgmd
4,CAGA,C,TATACCTCGAGAAATCGCGAGATGTCCCTCTTGTCACTAACGCCCATGGCCACCACATTCTCAAAGAGCCAGAAGAAGGGGCGATCATCTCCCTCCTTGGGCCGCGCATCATGCAGGAGGCGGTAGAACTCAAAGAAGAGCCG,TATACCTCGAGAAATCGCGAGATGTCCCTCTTGTCACTAACGCCCATGGCCACCACATTCTCAAAGAGCCAGAAGGGGCGATCATCTCCCTCCTTGGGCCGCGCATCATGCAGGAGGCGGTAGAACTCAAAGAAGAGCCG,chr2,913_1,25240366,hgmd
5,CCCCCCAGGCCCTCCCGGT,C,TTTGAAGCATGGATAAAGTGTATTTTGCATTCATTTATTTTGTTTTTCATTCAAATTCACATTCCAGGGCCCCCCAGGCCCTCCCGGTCCCCCTGGTACATCTGGTCATCCTGGTTCCCCTGTAAGTATAGCCATTGGTGGTGTTTTCTTCCTCATTT,TTTGAAGCATGGATAAAGTGTATTTTGCATTCATTTATTTTGTTTTTCATTCAAATTCACATTCCAGGGCCCCCCTGGTACATCTGGTCATCCTGGTTCCCCTGTAAGTATAGCCATTGGTGGTGTTTTCTTCCTCATTT,chr2,1024_1,188988083,hgmd
6,CTGT,C,AGGAAGTGCTACTACAGGCCTGTGTTTTACAGAAAAAGATTCTTTTAACACTATGTAGCACACATGTACCTGTTGTTTGTGAAGTAGACAGGATCAAACTCTGCTCCCCATCCTCAGATATCTGATAGACATTTACAATGTAT,AGGAAGTGCTACTACAGGCCTGTGTTTTACAGAAAAAGATTCTTTTAACACTATGTAGCACACATGTACCTGTTTGTGAAGTAGACAGGATCAAACTCTGCTCCCCATCCTCAGATATCTGATAGACATTTACAATGTAT,chr2,1024_1,215408298,hgmd
7,CAGA,C,ATCATCATTGTTCTTAACCTGATTTTTGGGGTTATCATTGACACTTTTGCTGACCTGAGGAGTGAGAAGCAGAAGAAGGAAGAGATCTTGAAGACCACGTGCTTTATCTGTGGTGAGTGTCGCTGGCCAGCTCCAGCAAGGGC,ATCATCATTGTTCTTAACCTGATTTTTGGGGTTATCATTGACACTTTTGCTGACCTGAGGAGTGAGAAGCAGAAGGAAGAGATCTTGAAGACCACGTGCTTTATCTGTGGTGAGTGTCGCTGGCCAGCTCCAGCAAGGGC,chr3,1024_1,4815176,hgmd
8,GTGC,G,ACTTACTATTAAAACACATAGTTGATTTGTGAAAAATAAAATCCTGATTACCGCCATTTCCATTGTGTAGTGCTAAGACAGTAGGGGGTCCAGGAACTTCAACTGCATACATCACATCAGATCCCTGAAGGAGAAGTATTTAA,ACTTACTATTAAAACACATAGTTGATTTGTGAAAAATAAAATCCTGATTACCGCCATTTCCATTGTGTAGTAAGACAGTAGGGGGTCCAGGAACTTCAACTGCATACATCACATCAGATCCCTGAAGGAGAAGTATTTAA,chr4,673_1,121855507,hgmd
9,AAGAAGCCTC,A,ACCCTTGTGAGAGAAGAGGTGATTGACTTCTCAAAGCCCTTCATGAGCCTCGGGATATCTATCATGATCAAGAAGCCTCAGAAGTCCAAACCAGGAGTGTTTTCCTTTCTTGATCCTTTAGCCTATGAGATCTGGATGTGCATTGTTTT,ACCCTTGTGAGAGAAGAGGTGATTGACTTCTCAAAGCCCTTCATGAGCCTCGGGATATCTATCATGATCAAGAAGTCCAAACCAGGAGTGTTTTCCTTTCTTGATCCTTTAGCCTATGAGATCTGGATGTGCATTGTTTT,chr4,835_1,157336479,hgmd
10,A,AGCGCGGCCGCTTCCT,GCCGGGCGCTCAAAAGCGAGTTCCTGGTGCGCGAGAACCGCAAGTACTACATGGATCTCAAGGAGAACCAGCGCGGCCGCTTCCTGCGCATCCGCCAGACGGTCAACCGGGGGCCTGGCCTGGGCTCCACGCAGGGCCAG,GCCGGGCGCTCAAAAGCGAGTTCCTGGTGCGCGAGAACCGCAAGTACTACATGGATCTCAAGGAGAACCAGCGCGGCCGCTTCCTGCGCGGCCGCTTCCTGCGCATCCGCCAGACGGTCAACCGGGGGCCTGGCCTGGGCTCCACGCAGGGCCAG,chr5,329_1,140114669,hgmd
11,GCTT,G,ACGACTACGGAGTGGAGGAGGAGCCGGCCGAGCTGCCCGAGGGCACCTCCTTGACTGTGGACAACAAGCGCTTCTTCTTCGATGTGGGCTCCAACAAGTACGGCGTGTTTATGCGAGTGAGCGAGGTGAAGCCCACCTATCGC,ACGACTACGGAGTGGAGGAGGAGCCGGCCGAGCTGCCCGAGGGCACCTCCTTGACTGTGGACAACAAGCGCTTCTTCGATGTGGGCTCCAACAAGTACGGCGTGTTTATGCGAGTGAGCGAGGTGAAGCCCACCTATCGC,chr5,323_1,140114870,hgmd
12,ATCACCG,A,GATGTGGGCTCCAACAAGTACGGCGTGTTTATGCGAGTGAGCGAGGTGAAGCCCACCTATCGCAACTCCATCACCGTGCCCTACAAGGTGTGGGCCAAGTTCGGACACACCTTCTGCAAGTACTCGGAGGAGATGAAGAAGATTCA,GATGTGGGCTCCAACAAGTACGGCGTGTTTATGCGAGTGAGCGAGGTGAAGCCCACCTATCGCAACTCCATGCCCTACAAGGTGTGGGCCAAGTTCGGACACACCTTCTGCAAGTACTCGGAGGAGATGAAGAAGATTCA,chr5,322_1,140114950,hgmd
13,AGGCGGCCATGGAGGGGGC,A,GCAACTGCGAATCCCCCTCTCCTTCCAGAACCCTCTCTTCCACATGGCTGCTGATGGGCCAGGTCCCCCAGGCGGCCATGGAGGGGGCGGTGGCCATGGCCCACCTTCCTCCCATCACCACCACCACCACCATCACCACCACCGAGGTGGAGAGCCCC,GCAACTGCGAATCCCCCTCTCCTTCCAGAACCCTCTCTTCCACATGGCTGCTGATGGGCCAGGTCCCCCAGGTGGCCATGGCCCACCTTCCTCCCATCACCACCACCACCACCATCACCACCACCGAGGTGGAGAGCCCC,chr6,1024_1,33443378,hgmd
14,TGAC,T,AATACTTTAGCAATTACTTACAGTAAATATCCGTCTGCCAGTTCGATCAAAAGTTACACAGTACACAGATGACAAGTGTCCAAGAATTCGTTTATGCATTTTCATGTGCTGATACACTGCAGTTGGAACAAGTCGCTCAAGTC,AATACTTTAGCAATTACTTACAGTAAATATCCGTCTGCCAGTTCGATCAAAAGTTACACAGTACACAGATAAGTGTCCAAGAATTCGTTTATGCATTTTCATGTGCTGATACACTGCAGTTGGAACAAGTCGCTCAAGTC,chr6,1024_1,79042891,hgmd
15,T,TGCTGCAGCCGCC,TGCCGCCGCAGCCGCCGGGTGGGGGAAGCCCCCGCCCCCGGCCCCGGCAGCCGCCGCCGCTGCAGCCGCTGCTGCAGCCGCCGCCGCCCCTTCCATGTTCTTGTTGAGCTCGTCGGCCACCAGGCCGCCGCCGTTGTCGT,TGCCGCCGCAGCCGCCGGGTGGGGGAAGCCCCCGCCCCCGGCCCCGGCAGCCGCCGCCGCTGCAGCCGCTGCTGCAGCCGCCGCTGCAGCCGCCGCCGCCCCTTCCATGTTCTTGTTGAGCTCGTCGGCCACCAGGCCGCCGCCGTTGTCGT,chr7,394_1,27199949,hgmd
16,AGCACCAGCACACCCACCAGCACAC,A,GTGCTGACCGCGGGGCTTCCCTGGGCCCTCCGCCCTACCTGCGGACCGAGTTCCATCAGCACCAGCACCAGCACCAGCACACCCACCAGCACACGCACCAGCACACCTTCACGCCGTTCCCCCACGCCATCCCACCCACCGCCATCATGCCGACGCCAGCACCT,GTGCTGACCGCGGGGCTTCCCTGGGCCCTCCGCCCTACCTGCGGACCGAGTTCCATCAGCACCAGCACCAGCACCAGCACACCTTCACGCCGTTCCCCCACGCCATCCCACCCACCGCCATCATGCCGACGCCAGCACCT,chr7,1024_1,70766234,hgmd
17,TCAA,T,GTTTTGTTTAATTTTTTTCAGCTATTTGAATGACTTGGACAGAATAGCTCAACCAAATTACATCCCGACTCAACAAGATGTTCTCAGAACTAGAGTGAAAACTACAGGAATTGTTGAAACCCATTTTACTTTCAAAGATCTTC,GTTTTGTTTAATTTTTTTCAGCTATTTGAATGACTTGGACAGAATAGCTCAACCAAATTACATCCCGACTCAAGATGTTCTCAGAACTAGAGTGAAAACTACAGGAATTGTTGAAACCCATTTTACTTTCAAAGATCTTC,chr7,355_1,80203752,hgmd
18,T,TATA,CGTGGAGCGCCTGTGTGCATGTTGTTATGAACAGGCGTGGTATGCAAAGCTGGGGGGTGTGGTGTCTATTAAGTTTCTCATGGAGCGGCTGCCTCTCACTTGGGTTCTCCAGAACCAGCAGACATTCCTGAAAGCACTTC,CGTGGAGCGCCTGTGTGCATGTTGTTATGAACAGGCGTGGTATGCAAAGCTGGGGGGTGTGGTGTCTATTATAAAGTTTCTCATGGAGCGGCTGCCTCTCACTTGGGTTCTCCAGAACCAGCAGACATTCCTGAAAGCACTTC,chr7,1024_1,98930731,hgmd
19,CCTT,C,GTGGCCCTCTCCAGAGGCTCACATTACACATGTAGTTATGCCAGGACTTGGAGACCTGGGGTAGCTTCTCCTTCTTCTTCCAGTTTGGGGGGGCACCCTCCCGGACAGGCTCCTGTGGGGGCACAGTGTAGGAACACCCTTTC,GTGGCCCTCTCCAGAGGCTCACATTACACATGTAGTTATGCCAGGACTTGGAGACCTGGGGTAGCTTCTCCTTCTTCCAGTTTGGGGGGGCACCCTCCCGGACAGGCTCCTGTGGGGGCACAGTGTAGGAACACCCTTTC,chr7,427_1,100647491,hgmd
20,G,GAGCAGGTGCGCGGCGGTGAGC,GGAAGGCGGCCCCGAGCCCGAGGACGCCTCGGGCTCCCCGGTGGCCGAGTCGTTGTGCGGCGCCACAAAGAGCAGGTGCGCGGCGGTGAGCAGCAGGCGCTCGCGCGGCTCCCGCGTCTCGATCACGTAGAAGACCTTCT,GGAAGGCGGCCCCGAGCCCGAGGACGCCTCGGGCTCCCCGGTGGCCGAGTCGTTGTGCGGCGCCACAAAGAGCAGGTGCGCGGCGGTGAGCAGCAGGTGCGCGGCGGTGAGCAGCAGGCGCTCGCGCGGCTCCCGCGTCTCGATCACGTAGAAGACCTTCT,chr7,471_1,155803473,hgmd
21,ATCT,A,TTTGTTTTCCTCCTGTGTACAAGGGCAGGAGGTTTAGGCATTAACCTCACTGCTGCTGATACCTGCATCATCTTTGATTCAGACTGGAATCCCCAAAATGACCTCCAGGTAAATGCACAAGAAAGTCCTGATGCCTTTAAAAA,TTTGTTTTCCTCCTGTGTACAAGGGCAGGAGGTTTAGGCATTAACCTCACTGCTGCTGATACCTGCATCATTGATTCAGACTGGAATCCCCAAAATGACCTCCAGGTAAATGCACAAGAAAGTCCTGATGCCTTTAAAAA,chr8,1024_1,60836974,hgmd
22,GACA,G,CCAGGGCTTTGTTAAAATTTCTTGTGACTTTTCTTCTCCCTCCAGGATAGAGTAATGATAAACCGCTTAGACAACATCTGTGAAGCAGTGTTGAAAGGCAAATGGCCAGTAAATAGGCGCCAGATGTTTGATTTCCAAGGCCT,CCAGGGCTTTGTTAAAATTTCTTGTGACTTTTCTTCTCCCTCCAGGATAGAGTAATGATAAACCGCTTAGACATCTGTGAAGCAGTGTTGAAAGGCAAATGGCCAGTAAATAGGCGCCAGATGTTTGATTTCCAAGGCCT,chr8,1024_1,60855999,hgmd
23,CAAG,C,AGGTGTTGCGATGATGTCACTGTACGGTTCTTCCTGTGTCAGCTCAATAGCTTGCTGCTTTTTAAGAACCAAGAAGCTGTAGAACTTTGCGGCAGCTTGTTTTCTGTTCGTATTTCGACATAACTCAAGCAAACTGATAGATT,AGGTGTTGCGATGATGTCACTGTACGGTTCTTCCTGTGTCAGCTCAATAGCTTGCTGCTTTTTAAGAACCAAGCTGTAGAACTTTGCGGCAGCTTGTTTTCTGTTCGTATTTCGACATAACTCAAGCAAACTGATAGATT,chr8,632_1,116847593,hgmd
24,ATCT,A,TGCTTCTTGTCGGCTTCGGCCTGCTCGGCGCGGTCGATGGCGTTCTCCTTGTCCAGCTTCAGCATCTGCATCTTCTTCTTGATGGCGTCCATGGCTGCGGTGGGGGGTGGGCCGGCCGGCAGGCGGTGAGGACCGGACGGACT,TGCTTCTTGTCGGCTTCGGCCTGCTCGGCGCGGTCGATGGCGTTCTCCTTGTCCAGCTTCAGCATCTGCATCTTCTTGATGGCGTCCATGGCTGCGGTGGGGGGTGGGCCGGCCGGCAGGCGGTGAGGACCGGACGGACT,chr9,285_1,35689795,hgmd
25,CGAA,C,ATCTGGGTTTCGGGCAGCCTCGCTCTGGCCATCTACGCCCTGCTGTCCTTGTGGTACCTGCTCCGACGGCGAAGAAATGTCCATGACCTCCCTCAGGGTTAGTACCTCTCCCACATGGCTTTCTTTCTTTTTAATATAGACAT,ATCTGGGTTTCGGGCAGCCTCGCTCTGGCCATCTACGCCCTGCTGTCCTTGTGGTACCTGCTCCGACGGCGAAATGTCCATGACCTCCCTCAGGGTTAGTACCTCTCCCACATGGCTTTCTTTCTTTTTAATATAGACAT,chr9,726_1,131521445,hgmd
26,AAAC,A,GGAGTGGAATGGGATGATGGGCGAGCTGCTCAGCGGGCAGGCAGACATGATCGTGGCGCCGCTAACCATAAACAACGAGCGCGCGCAGTACATCGAGTTTTCCAAGCCCTTCAAGTACCAGGGCCTGACTATTCTGGTCAAGA,GGAGTGGAATGGGATGATGGGCGAGCTGCTCAGCGGGCAGGCAGACATGATCGTGGCGCCGCTAACCATAAACGAGCGCGCGCAGTACATCGAGTTTTCCAAGCCCTTCAAGTACCAGGGCCTGACTATTCTGGTCAAGA,chr9,907_1,137162013,hgmd
27,TAGCAGA,T,GCCATCTCTCTCCTCCTTTTTCTTCAGCCACAGGCTCCCAGACATGACAGCCATCATCAAAGAGATCGTTAGCAGAAACAAAAGGAGATATCAAGAGGATGGATTCGACTTAGACTTGACCTGTATCCATTTCTGCGGCTGCTCCT,GCCATCTCTCTCCTCCTTTTTCTTCAGCCACAGGCTCCCAGACATGACAGCCATCATCAAAGAGATCGTTAACAAAAGGAGATATCAAGAGGATGGATTCGACTTAGACTTGACCTGTATCCATTTCTGCGGCTGCTCCT,chr10,576_1,87864496,hgmd
28,ATTATCT,A,TTCTACATCTGAAAGAACAATCAAGAGATCAGTTTTCATTTCCACAGCCAGTCGGGCAGCCAGGCTATCATTATCTTTAACACTAATAACCTAGAATGCAGATTAAAAAGTCATAAGTGAGTGAGCTAAGCAGTCCAAAAAGAAAT,TTCTACATCTGAAAGAACAATCAAGAGATCAGTTTTCATTTCCACAGCCAGTCGGGCAGCCAGGCTATCATTAACACTAATAACCTAGAATGCAGATTAAAAAGTCATAAGTGAGTGAGCTAAGCAGTCCAAAAAGAAAT,chr10,795_1,95633029,hgmd
29,ATGT,A,GGGGCCGTACCTTCTGACGGGTCTAGGCGGCGGGCCCGCCTCCCGTGTTTGGAATTGTTGTGCACAAACATGTTGTCTGACACGGCCAGCACGTGGCCGTCCACGTTGACTGTTGTCGATACAACAACCTGCAAAGATGAAGT,GGGGCCGTACCTTCTGACGGGTCTAGGCGGCGGGCCCGCCTCCCGTGTTTGGAATTGTTGTGCACAAACATGTCTGACACGGCCAGCACGTGGCCGTCCACGTTGACTGTTGTCGATACAACAACCTGCAAAGATGAAGT,chr10,597_1,129873538,hgmd
30,AGAG,A,TGATGTAGTTTCGGCTCTGGTCCACCTGGTAGGAGCCCTCATCACGATTGCGGTACTTATACATGGCGTAGAGGAGGATGAGGATGCAGAGCGCCGCCGCCGCCACAATGCCCACCACCATGCCCGTGGTGCTGCTGGACTCC,TGATGTAGTTTCGGCTCTGGTCCACCTGGTAGGAGCCCTCATCACGATTGCGGTACTTATACATGGCGTAGAGGATGAGGATGCAGAGCGCCGCCGCCGCCACAATGCCCACCACCATGCCCGTGGTGCTGCTGGACTCC,chr11,1024_1,64607372,hgmd
31,TGTC,T,GAGCCCTTCCACAAGTTTTGTTTAGAGGAGAACGAGCGCCCTCTGGAGGACCAGCTGGAAAATTGGTGTTGTCGTCGTTGCAAATTCTGTCACGTTTGTGGAAGGCAACATCAGGCTACAAAGGTACAAAACTTGGTAATAGA,GAGCCCTTCCACAAGTTTTGTTTAGAGGAGAACGAGCGCCCTCTGGAGGACCAGCTGGAAAATTGGTGTTGTCGTTGCAAATTCTGTCACGTTTGTGGAAGGCAACATCAGGCTACAAAGGTACAAAACTTGGTAATAGA,chr11,1024_1,118488707,hgmd
32,TATA,T,TTTATAATTGCAGTTATTTATTCAACTAATAGTCTTTTAATTTTTTTTAATCAAAGGAACAATATGAATTATACTGTGAGATGGGCTCCACATTCCAACTATGTAAAATATGTGCTGAAAATGATAAGGATGTAAAGATTGAG,TTTATAATTGCAGTTATTTATTCAACTAATAGTCTTTTAATTTTTTTTAATCAAAGGAACAATATGAATTCTGTGAGATGGGCTCCACATTCCAACTATGTAAAATATGTGCTGAAAATGATAAGGATGTAAAGATTGAG,chr11,907_1,119278179,hgmd
33,C,CCACATTCAG,TGGCACTACATACCATTGCAGCCACAGGGAAGAGGTATGGATGGTTGCAGCACTTCTTAAGATCCATCACCACATTCAGCAGAGACACCTGGTTGCCACCACCTCGGGCATTGAGTGCTTCAAAATTTCGAGTGAGGATG,TGGCACTACATACCATTGCAGCCACAGGGAAGAGGTATGGATGGTTGCAGCACTTCTTAAGATCCATCACCACATTCAGCACATTCAGCAGAGACACCTGGTTGCCACCACCTCGGGCATTGAGTGCTTCAAAATTTCGAGTGAGGATG,chr12,1024_1,6591972,hgmd
34,A,ATGAGGCTGAGAGCCATGGCCGCCCCCAACATGT,TTGCCAGAACAGACACCCATAAAGCAATGTCGGAACTGCCAATAGAAAAGGTGTTCGCAGATGAAGGTGATGAGGCTGAGAGCCATGGCCGCCCCCAACATGTAGAAGACCCCTGCCATGTTGTCAATGTCCAGCTGGCT,TTGCCAGAACAGACACCCATAAAGCAATGTCGGAACTGCCAATAGAAAAGGTGTTCGCAGATGAAGGTGATGAGGCTGAGAGCCATGGCCGCCCCCAACATGTTGAGGCTGAGAGCCATGGCCGCCCCCAACATGTAGAAGACCCCTGCCATGTTGTCAATGTCCAGCTGGCT,chr12,1024_1,13567122,hgmd
35,TGTA,T,TTCTTGAAAAGAAACATACCAGCTTGCGAATTCGGTCCAACACGAGGTCAATGATCTCCTTGCCAATGGTGTAGTGCCCTCGGGCATAGTTATTGGCAGCATCTTCTTTGCCTGTGATAAGTTGCTCAGGGTGGAAGAGCTGG,TTCTTGAAAAGAAACATACCAGCTTGCGAATTCGGTCCAACACGAGGTCAATGATCTCCTTGCCAATGGTGTGCCCTCGGGCATAGTTATTGGCAGCATCTTCTTTGCCTGTGATAAGTTGCTCAGGGTGGAAGAGCTGG,chr12,452_1,49186360,hgmd
36,TCCCAGGGGC,T,CCGTAGACCACGGTCTTGTTCTTACTGTGGGACTTGTTTCCCTTCCAGGTGCCAGAGGTGACCCGGGATTCCCAGGGGCCCAAGGGGAGCCAGGAAGCCAGGGTGAGCCAGGAGACCCGGGCCTCCCAGGTCCCCCTGGCCTCTCCATC,CCGTAGACCACGGTCTTGTTCTTACTGTGGGACTTGTTTCCCTTCCAGGTGCCAGAGGTGACCCGGGATTCCAAGGGGAGCCAGGAAGCCAGGGTGAGCCAGGAGACCCGGGCCTCCCAGGTCCCCCTGGCCTCTCCATC,chr13,1024_1,110449700,hgmd
37,TCTC,T,ATGGGTAGGGATTGTGCGCGTACCACTCCCGCAGGACACCCCTCGACTTCTCCTTGAAGCAGTAGCTGGTCTCCTCGCCGTCCCAGATGGTGCGCGGCAGTGGAAATTTTCGGCGCACCCGATATTTGCCCACGGCGCCCAGG,ATGGGTAGGGATTGTGCGCGTACCACTCCCGCAGGACACCCCTCGACTTCTCCTTGAAGCAGTAGCTGGTCTCGCCGTCCCAGATGGTGCGCGGCAGTGGAAATTTTCGGCGCACCCGATATTTGCCCACGGCGCCCAGG,chr14,285_1,60648811,hgmd
38,TCCAAGTCTC,T,AAGGCTGACGCATGTTTTAATTTCATTTGTAGCATCAGCACTGAGTTTTTGGCTCTAATGAAAAAAGTGTCCAAGTCTCCCCTTGTTATGGATGTTCTGAACATCCAGGGAGTACAGAGGTCTCTGGAAAGATTGGCAGACCTGCTAGG,AAGGCTGACGCATGTTTTAATTTCATTTGTAGCATCAGCACTGAGTTTTTGGCTCTAATGAAAAAAGTGTCCCTTGTTATGGATGTTCTGAACATCCAGGGAGTACAGAGGTCTCTGGAAAGATTGGCAGACCTGCTAGG,chr14,1024_1,102002829,hgmd
39,CAAG,C,TTTGGCTATAATCATCTTTAATTTTCCTAGTCCTCCCACAGGTGCTCTGTCTGTGCCCGTTGTAAACTGCAAGAAGAGTCTTTTCTGTTCATCTGTAAATGAATGAACGATTTCCCAGAACTCCCTAATGAGAAAAAATACAA,TTTGGCTATAATCATCTTTAATTTTCCTAGTCCTCCCACAGGTGCTCTGTCTGTGCCCGTTGTAAACTGCAAGAGTCTTTTCTGTTCATCTGTAAATGAATGAACGATTTCCCAGAACTCCCTAATGAGAAAAAATACAA,chr15,853_1,25340174,hgmd
40,AAAG,A,AGTATACAGTTATTGTAAATAGCCAGACCCAGTACTATGCCAATCAGAGTAAACTGACCCTCAGTTTCAAAAGAAGATGGATTAAACCAAAACAATTTTGTAGATTCATCGTATGTGAACATACCTATAAGAAATGATTTTTA,AGTATACAGTTATTGTAAATAGCCAGACCCAGTACTATGCCAATCAGAGTAAACTGACCCTCAGTTTCAAAAGATGGATTAAACCAAAACAATTTTGTAGATTCATCGTATGTGAACATACCTATAAGAAATGATTTTTA,chr15,853_1,25356842,hgmd
41,C,CGGCACT,TTGCAGCCCTTGGTGTGCTGCACCACCCGCTTCATCTTCTGGCAGGATGGCAGCGAGCAGTTGGCGTTGCGGCACTGGCACGCGTGCACCAGCGACTGGATGCAGCGCTGGATGCTCAGCCGGCGTGACTCCTGGGGGCT,TTGCAGCCCTTGGTGTGCTGCACCACCCGCTTCATCTTCTGGCAGGATGGCAGCGAGCAGTTGGCGTTGCGGCACTGGCACTGGCACGCGTGCACCAGCGACTGGATGCAGCGCTGGATGCTCAGCCGGCGTGACTCCTGGGGGCT,chr16,1024_1,3729690,hgmd
42,ACTC,A,CGAGCGGAGCAAGGCGATTGAGAAAAACCTCAAAGAGGATGGCATCAGCGCCGCCAAAGACGTGAAATTACTCCTGCTCGGTAAGGACCGCCGCTGCTACCCCCATCCCCCGACCCCGGCCACTCCGCACCCCCTGCCACCAG,CGAGCGGAGCAAGGCGATTGAGAAAAACCTCAAAGAGGATGGCATCAGCGCCGCCAAAGACGTGAAATTACTGCTCGGTAAGGACCGCCGCTGCTACCCCCATCCCCCGACCCCGGCCACTCCGCACCCCCTGCCACCAG,chr16,355_1,56192343,hgmd
43,TGCTGCCTGAACA,T,CCTGCCTGTGCCAGCCCACTTACCCGCTCGATGCTGTGCTGTAGACGCAGCTTTCCCCGGACGGCCTCCTGCTGCCTGAACAGCTCCTTCAGGGGCTCCGCCAGGGAGGGAGGGGGTGCGATCTACAGGCAAAAGGTGAGTGTGGGGGGTCA,CCTGCCTGTGCCAGCCCACTTACCCGCTCGATGCTGTGCTGTAGACGCAGCTTTCCCCGGACGGCCTCCTGCTCCTTCAGGGGCTCCGCCAGGGAGGGAGGGGGTGCGATCTACAGGCAAAAGGTGAGTGTGGGGGGTCA,chr16,1024_1,89275139,hgmd
44,ACTT,A,GATCGCAGTTCCGACCTGGCCAGCCATGCCGTTCTCTGTCGACCCCTGCAGGCCACCAGGAGAATAACAACTTCTGCTCCGTCAACATCAACATTGGCCCAGGCGACTGCGAGTGGTTCGCGGTGCACGAGCACTACTGGGAG,GATCGCAGTTCCGACCTGGCCAGCCATGCCGTTCTCTGTCGACCCCTGCAGGCCACCAGGAGAATAACAACTGCTCCGTCAACATCAACATTGGCCCAGGCGACTGCGAGTGGTTCGCGGTGCACGAGCACTACTGGGAG,chr17,1024_1,7851969,hgmd
45,CCCGCCG,C,AGTACTCGGGCGCGGGCCGGGCCACGACCGGGGCCGCGACCGCCACAGCCCCCCCGGCTGCCACCTCTTCCCGCCGCCGCCGCCGCCGCCGCCACCGCTGCCCCCGCCGCCGCCGCCCCCGCCGCCAGGTAAGCGCCCGCCCCGAC,AGTACTCGGGCGCGGGCCGGGCCACGACCGGGGCCGCGACCGCCACAGCCCCCCCGGCTGCCACCTCTTCCCGCCGCCGCCGCCGCCACCGCTGCCCCCGCCGCCGCCGCCCCCGCCGCCAGGTAAGCGCCCGCCCCGAC,chr17,1024_1,7885025,hgmd
46,TCAG,T,CGAGCACATTATTACCTGTGAACTCGCCAAAGAACTTTTTGCAGACCAGCCTGAGCAAGGGGCGGATGTTCAGCTTCAGCTCCTCCTTCGTCAGGTGGATGCCAAGCTCGTCTAGGGTCCGTGGGAGGCTGGTGTCCACGTCA,CGAGCACATTATTACCTGTGAACTCGCCAAAGAACTTTTTGCAGACCAGCCTGAGCAAGGGGCGGATGTTCTTCAGCTCCTCCTTCGTCAGGTGGATGCCAAGCTCGTCTAGGGTCCGTGGGAGGCTGGTGTCCACGTCA,chr17,938_1,44864984,hgmd
47,T,TTGTAGAGTCATTGCCCTC,AGTGCTGGCATGAGCTTCTCTGCACTTATTCTTCCAGAAAGACATCGTAGTGGCCTCCAACAAGGTATCTTGTAGAGTCATTGCCCTCTCCTTCTCAGAGGACAGCAGCTATTTTGTCACTGTTGGGAACCGCCATGTGA,AGTGCTGGCATGAGCTTCTCTGCACTTATTCTTCCAGAAAGACATCGTAGTGGCCTCCAACAAGGTATCTTGTAGAGTCATTGCCCTCTGTAGAGTCATTGCCCTCTCCTTCTCAGAGGACAGCAGCTATTTTGTCACTGTTGGGAACCGCCATGTGA,chr19,1024_1,36067338,hgmd
48,AGAAGCGCGT,A,GGGTGGCGGCCAGCAGCTCCCCGCGCCCGCCGGCGCCGCCTGCCAGCCCGTACACATTGCTCTGCGACGAGAAGCGCGTGAAGCTGTCCTCGCGCAACGGACAAGGCCCCGCGGCCACGGCCGCCTCCCCCATCATGCCCCTCAGTTAA,GGGTGGCGGCCAGCAGCTCCCCGCGCCCGCCGGCGCCGCCTGCCAGCCCGTACACATTGCTCTGCGACGAGAAGCTGTCCTCGCGCAACGGACAAGGCCCCGCGGCCACGGCCGCCTCCCCCATCATGCCCCTCAGTTAA,chr19,435_1,47484094,hgmd
49,TCTC,T,TAGCCCTGACTCCCGGCCGCGGCTGCTCCCCTCCCAGGTACTACGACGTCCCCATCGCCACCCTGGACTTCTCCTCGCTGTACCCGTCCATCATGATGGCCCACAACCTGTGTTACACCACGCTCCTTCGGCCCGGGACTGCA,TAGCCCTGACTCCCGGCCGCGGCTGCTCCCCTCCCAGGTACTACGACGTCCCCATCGCCACCCTGGACTTCTCGCTGTACCCGTCCATCATGATGGCCCACAACCTGTGTTACACCACGCTCCTTCGGCCCGGGACTGCA,chr19,1024_1,50408817,hgmd
50,T,TACACAGAATCGCCAGATCGAC,CCTAGAGCAGGTGAGCGGCATCATCGGGAACCTCCGTCACATGGCCCTGGATATGGGCAATGAGATCGATACACAGAATCGCCAGATCGACAGGATCATGGAGAAGGTGAGCACGTGGCAGTCAGCAAGTCCCTACTGCG,CCTAGAGCAGGTGAGCGGCATCATCGGGAACCTCCGTCACATGGCCCTGGATATGGGCAATGAGATCGATACACAGAATCGCCAGATCGACACACAGAATCGCCAGATCGACAGGATCATGGAGAAGGTGAGCACGTGGCAGTCAGCAAGTCCCTACTGCG,chr20,215_1,10299376,hgmd
51,GACGTGAAGCGGC,G,CGCCACGTGCACAGCAGCGAGCGCCATTTCCCATGCGAGCTGTGCGGGAAGAAGTTCAAGCGCAAGAAGGACGTGAAGCGGCACGTGCTGCAGGTGCATGAGGGCGGCGGCGAGCGGCACCGCTGCGGCCAGTGCGGCAAGGGCCTGAGTTC,CGCCACGTGCACAGCAGCGAGCGCCATTTCCCATGCGAGCTGTGCGGGAAGAAGTTCAAGCGCAAGAAGGACGTGCTGCAGGTGCATGAGGGCGGCGGCGAGCGGCACCGCTGCGGCCAGTGCGGCAAGGGCCTGAGTTC,chr20,709_1,23365554,hgmd
52,ACTT,A,CTTTATTTAATTCTTTCATGTTAAACCCCAGCAACACGCCAGGCTTGTACTTTTCACAATCACGGACACACTTCTTCCTTTTGTTACTAAAATGGGAAGCGATGTCACTCTTCCATAACCATAAACTGGCTGCTAGCTTCTCA,CTTTATTTAATTCTTTCATGTTAAACCCCAGCAACACGCCAGGCTTGTACTTTTCACAATCACGGACACACTTCCTTTTGTTACTAAAATGGGAAGCGATGTCACTCTTCCATAACCATAAACTGGCTGCTAGCTTCTCA,chr20,1024_1,50892283,hgmd
53,CGAA,C,CTCGGGAGCCTACAAGACCTCGTCCCCCTCCAAGGCAGGCAGGGGCAGCTGGACTTACTGCAGGCAGCGCGAAGAAGGAGACACCGATGAGGGTGAAGGTTGCCGCAAGGAGCCTGCCGTTCCAGGTCTGGGGGTACTTGTCC,CTCGGGAGCCTACAAGACCTCGTCCCCCTCCAAGGCAGGCAGGGGCAGCTGGACTTACTGCAGGCAGCGCGAAGGAGACACCGATGAGGGTGAAGGTTGCCGCAAGGAGCCTGCCGTTCCAGGTCTGGGGGTACTTGTCC,chr20,845_1,63439609,hgmd
54,C,CCCG,CCCGCGCGAGCCCCCGCCGCCGCCGCCGCGCTACGACCCGTGCGCCGCCGCCGCCCCCGGCGCCCCGGGCCCGCCGCCGCCGCCGCACGCCTACCCGTTTGCGCCGGCCGCCGGGGCCGCCACCAGCGCCGCCGCCGAGC,CCCGCGCGAGCCCCCGCCGCCGCCGCCGCGCTACGACCCGTGCGCCGCCGCCGCCCCCGGCGCCCCGGGCCCGCCGCCGCCGCCGCCGCACGCCTACCCGTTTGCGCCGGCCGCCGGGGCCGCCACCAGCGCCGCCGCCGAGC,chr22,401_1,19761056,hgmd
55,TATC,T,GCGCAAATGCGACGTCGAAGGTGTAGAGGTGGATGGAGTTCAAAGCATCATAAAAGGCGATAGAGCCGTTATCATAGTCCAGCAGGATGCCCACGCGCCGGAGGTGGGGGGCAGGCTCAATGGGGATTTCCTTGCTATTGTGT,GCGCAAATGCGACGTCGAAGGTGTAGAGGTGGATGGAGTTCAAAGCATCATAAAAGGCGATAGAGCCGTTATAGTCCAGCAGGATGCCCACGCGCCGGAGGTGGGGGGCAGGCTCAATGGGGATTTCCTTGCTATTGTGT,chrX,668_1,10449538,hgmd
56,GGAT,G,TGAGGGATGAGGTCAAGGGATGATGTGGGAGACGGCTCATACTTACCATAATGCAACTTGACAATAAAAGGATGATTAACCTCTACCAAGATATCACGTTCCATTTTTGTCCGAACTCGGTCTCGAACTATAAAAGATTGTAT,TGAGGGATGAGGTCAAGGGATGATGTGGGAGACGGCTCATACTTACCATAATGCAACTTGACAATAAAAGGATTAACCTCTACCAAGATATCACGTTCCATTTTTGTCCGAACTCGGTCTCGAACTATAAAAGATTGTAT,chrX,741_1,20195088,hgmd
57,GGAAACA,G,TATCAGAGCTTGCTATCACCACCAGACCTCATCAGATTATTATGCCATCAGCCATTGAGAGAAGTGTACGGAAACAGAACGTACAATTCATGCATAACCGAATGCAGTACAGTATGGAGTATTTTCAGTTTATGAAAAAACTGCTT,TATCAGAGCTTGCTATCACCACCAGACCTCATCAGATTATTATGCCATCAGCCATTGAGAGAAGTGTACGGAACGTACAATTCATGCATAACCGAATGCAGTACAGTATGGAGTATTTTCAGTTTATGAAAAAACTGCTT,chrX,1024_1,41216542,hgmd
58,TGAA,T,CTGCAGCATTTCTGTTGCCCATCTTGAGTCAGATTTATTCAGATGGTCCAGGCGAGGCTTTGAGGGCCATGAAGGTAGATGTTTCTTTATAAAATGGGAAATTGTAGAACTTTGTAGGTGGCCATTGAGAGGGCTTTCTAAAT,CTGCAGCATTTCTGTTGCCCATCTTGAGTCAGATTTATTCAGATGGTCCAGGCGAGGCTTTGAGGGCCATGGTAGATGTTTCTTTATAAAATGGGAAATTGTAGAACTTTGTAGGTGGCCATTGAGAGGGCTTTCTAAAT,chrX,662_1,41343818,hgmd
59,ATCT,A,GAACTCTTTTAGGCCTGGCAACCTCATTCTTTAACGAGAGGAACATAAATATTACTAAGGATTTGTTGGATCTTCTTGTTGAAGCTAAACAAGAAGTGCCGTCTTGGTTAGAAAACATGGCTTATGAACACCACTACAAGGGT,GAACTCTTTTAGGCCTGGCAACCTCATTCTTTAACGAGAGGAACATAAATATTACTAAGGATTTGTTGGATCTTGTTGAAGCTAAACAAGAAGTGCCGTCTTGGTTAGAAAACATGGCTTATGAACACCACTACAAGGGT,chrX,662_1,41346916,hgmd
60,TTGG,T,CCTCCTACCTCCCACCCCGGTCCTCCTCAGGCTCACTTGTCATGGCGCATGCGCACAGAAAGCACTGGCTTGGTGAAGGTGAACTCCAGCACCAGCTTCTCCTTGGAGTCCTTGCCCTCCCGGGCATCGTCCCAGATCAGCAC,CCTCCTACCTCCCACCCCGGTCCTCCTCAGGCTCACTTGTCATGGCGCATGCGCACAGAAAGCACTGGCTTGAAGGTGAACTCCAGCACCAGCTTCTCCTTGGAGTCCTTGCCCTCCCGGGCATCGTCCCAGATCAGCAC,chrX,361_1,49076678,hgmd
61,A,AAGCGGCCTC,CAGAGACTTCTTGGCTGCTTCCAGCTTCTTGATTTTGTGGGAGGTGTTCTCCTTGGCTTTGATGTACTGAGGCCGCTTCTGGTTCAATTCTGAGTCCTTCTCCCTTTTGCCAGAGGGGTGGGGGAAACCAGTGAGAACTA,CAGAGACTTCTTGGCTGCTTCCAGCTTCTTGATTTTGTGGGAGGTGTTCTCCTTGGCTTTGATGTACTGAAGCGGCCTCGGCCGCTTCTGGTTCAATTCTGAGTCCTTCTCCCTTTTGCCAGAGGGGTGGGGGAAACCAGTGAGAACTA,chrX,1024_1,53412220,hgmd
62,GGGA,G,GTAGAGAGGGCTGTAGTCATTGTGGATGATCGAGGAAGGCCCTCAGGAAAAGGCATTGTTGAGTTCTCAGGGAAGCCAGCTGCTCGGAAAGCTCTGGACAGATGCAGTGAAGGCTCCTTCCTGCTAACCACGTAAGTGAGGGT,GTAGAGAGGGCTGTAGTCATTGTGGATGATCGAGGAAGGCCCTCAGGAAAAGGCATTGTTGAGTTCTCAGAGCCAGCTGCTCGGAAAGCTCTGGACAGATGCAGTGAAGGCTCCTTCCTGCTAACCACGTAAGTGAGGGT,chrX,383_1,71294467,hgmd
63,T,TAACTATCCTAATAATAACAGAGAGAAC,TCTGGAGATGCTGCAGATAAGCATCAGTGTGGAAGGTGGCCATCTCCTCCATGGAGGCCACTTTAGGCTTAACTATCCTAATAATAACAGAGAGAACAAAGAGAGGTCAGTGAGTCAGACCCAGCGTATGCCAGAAGCTA,TCTGGAGATGCTGCAGATAAGCATCAGTGTGGAAGGTGGCCATCTCCTCCATGGAGGCCACTTTAGGCTTAACTATCCTAATAATAACAGAGAGAACAACTATCCTAATAATAACAGAGAGAACAAAGAGAGGTCAGTGAGTCAGACCCAGCGTATGCCAGAAGCTA,chrX,157_1,72568877,hgmd
64,GTATGAT,G,GCACTACACTAAGCTAAAGTGTCTTTGCACTTGTTTTCTCTGCAGCATGGGTCGGAGCCCTCGCGATGGGTATGATCTTCTTCTGTTCTCCCATTGTGAGTATATTCACTGACCGTTTGGGCTGCCGAATCACAGCAACCGCGGGG,GCACTACACTAAGCTAAAGTGTCTTTGCACTTGTTTTCTCTGCAGCATGGGTCGGAGCCCTCGCGATGGGCTTCTTCTGTTCTCCCATTGTGAGTATATTCACTGACCGTTTGGGCTGCCGAATCACAGCAACCGCGGGG,chrX,539_1,74521014,hgmd
65,TAAG,T,GCAGATGAACCTTCAACAGCAACCCAAGAAGGAATTAATTATTAATGAAATTCTGGTCATGAGGGAAAATAAGAACCCTAATATTGTTAATTATTTAGATAGGTAAGTGTTTTGTCTTATTATGTACTTATATTCTTTGTGGG,GCAGATGAACCTTCAACAGCAACCCAAGAAGGAATTAATTATTAATGAAATTCTGGTCATGAGGGAAAATAACCCTAATATTGTTAATTATTTAGATAGGTAAGTGTTTTGTCTTATTATGTACTTATATTCTTTGTGGG,chrX,560_1,111192586,hgmd
66,TATG,T,TCTTTGTTCTTAGTCTATGCAGATGGTAGTATATGTCTGGACATACTTCAGAACCGTTGGAGTCCAACCTATGATGTGTCTTCCATTCTAACATCCATACAGGTGAATTTTTCCTTAATGTGACGAACTATAACTTTTAATAT,TCTTTGTTCTTAGTCTATGCAGATGGTAGTATATGTCTGGACATACTTCAGAACCGTTGGAGTCCAACCTATGTGTCTTCCATTCTAACATCCATACAGGTGAATTTTTCCTTAATGTGACGAACTATAACTTTTAATAT,chrX,123_1,119582644,hgmd
67,TGAA,T,TTTTGAGATTTTTGTCTTTCATCATTGTAGACTATACTGTAAAAATCATAGTGGAAATGATGAGAGAGATGAAGAAGATGAGGAACGAGAGAGTAAAAGCCGAGGAAAAGTAGAAATTGATCAGCAACAACTAACTCAGCAGC,TTTTGAGATTTTTGTCTTTCATCATTGTAGACTATACTGTAAAAATCATAGTGGAAATGATGAGAGAGATGAAGATGAGGAACGAGAGAGTAAAAGCCGAGGAAAAGTAGAAATTGATCAGCAACAACTAACTCAGCAGC,chrX,366_1,134425240,hgmd
68,TCAA,T,GGACCCAGATTTTCTTTTCTTACGCCATTGGCCTGGGGGCCCTCACAGCCCTGGGCAGCTACAACCGCTTCAACAACAACTGCTACAAGTAAGCACCGCCGCCCTGCCACCCGTGCCCTGTCCTGCCCTGCCCCGCCCTGCCC,GGACCCAGATTTTCTTTTCTTACGCCATTGGCCTGGGGGCCCTCACAGCCCTGGGCAGCTACAACCGCTTCAACAACTGCTACAAGTAAGCACCGCCGCCCTGCCACCCGTGCCCTGTCCTGCCCTGCCCCGCCCTGCCC,chrX,626_1,153693348,hgmd
69,GTTC,G,GGGCCTGGCCTTCATCGCCTACCCGCGGGCTGTCACGCTGATGCCAGTGGCCCCACTCTGGGCTGCCCTGTTCTTCTTCATGCTGTTGCTGCTTGGTCTCGACAGCCAGGTTTGCATGGGGCTCTGGGACAGGGAGCCAGGAG,GGGCCTGGCCTTCATCGCCTACCCGCGGGCTGTCACGCTGATGCCAGTGGCCCCACTCTGGGCTGCCCTGTTCTTCATGCTGTTGCTGCTTGGTCTCGACAGCCAGGTTTGCATGGGGCTCTGGGACAGGGAGCCAGGAG,chrX,626_1,153693978,hgmd
70,CGGCGGG,C,CTCCTCGTCGTCTTCGTCCTTCGCTCAGCAGCGCTTCGGGGCCATGGGGGGAGGCGGCCCCTCCGCGGCCGGCGGGGGAACTCCCCAGCCCACCGCCACCCCCACCCTCAACCAACTGCTCACGTCGCCCAGCTCGGCCCGGGGCT,CTCCTCGTCGTCTTCGTCCTTCGCTCAGCAGCGCTTCGGGGCCATGGGGGGAGGCGGCCCCTCCGCGGCCGGAACTCCCCAGCCCACCGCCACCCCCACCCTCAACCAACTGCTCACGTCGCCCAGCTCGGCCCGGGGCT,chr1,1024_0,26697249,gnomAD
71,TGCGGCGGCGGCAGCTGCG,T,CAGTGGCGGGCCCCAGGACGGGGGCGCCGGCAAGGGCCCGGCGGACATGGCCTCGCAGTGTTGGGGGGCTGCGGCGGCGGCAGCTGCGGCGGCGGCCGCCTCGGGAGGGGCCCAACAAAGGAGCCACCACGCGCCCATGAGCCCCGGGAGCAGCGGCG,CAGTGGCGGGCCCCAGGACGGGGGCGCCGGCAAGGGCCCGGCGGACATGGCCTCGCAGTGTTGGGGGGCTGCGGCGGCCGCCTCGGGAGGGGCCCAACAAAGGAGCCACCACGCGCCCATGAGCCCCGGGAGCAGCGGCG,chr1,1024_0,26697420,gnomAD
72,TTGCTGCTGCTGC,T,CTGCAGCGAGGGTCCCAGGGGCTGCTGGGGGGCTGCTGGTGGCGCTGGCGGTGGTGGCTGCTGCTGCTGTTGCTGCTGCTGCTGCTGCTGCTGCTCATCCCCAGAGGATGGACAGGGGCACTTGGGGTCTTCATCCAAGTCCCCCACCCCCG,CTGCAGCGAGGGTCCCAGGGGCTGCTGGGGGGCTGCTGGTGGCGCTGGCGGTGGTGGCTGCTGCTGCTGTTGCTGCTGCTGCTCATCCCCAGAGGATGGACAGGGGCACTTGGGGTCTTCATCCAAGTCCCCCACCCCCG,chr1,729_0,154869854,gnomAD
73,AAAT,A,AATACAGGCAAACAGAACAATAGTGAAGACATTACCTCCAATTCATTCAGTCTCTGGATACGTGGCGTAAAATGAAGTTTATCAACATCACATGCAAATGGTGGCTGCCAATCCTAGGAGAAAGCAAAGGCTCTTATTAGAAT,AATACAGGCAAACAGAACAATAGTGAAGACATTACCTCCAATTCATTCAGTCTCTGGATACGTGGCGTAAGAAGTTTATCAACATCACATGCAAATGGTGGCTGCCAATCCTAGGAGAAAGCAAAGGCTCTTATTAGAAT,chr1,1024_0,202777051,gnomAD
74,CCCGCAGCCCCGG,C,GCCGCCGAGTGCGTGGATCCCGCCGTGGTCTTCCCCTTTCCCGTGAACAAGCGCGAGCCAGCGCCCGTGCCCGCAGCCCCGGCCAGTGCCCCGGCGGCGGGCCCTGCGGTCGCCTCGGGGGCGGGTATTGCCGCCCCAGCCGGGGCCCCGGG,GCCGCCGAGTGCGTGGATCCCGCCGTGGTCTTCCCCTTTCCCGTGAACAAGCGCGAGCCAGCGCCCGTGCCCAGTGCCCCGGCGGCGGGCCCTGCGGTCGCCTCGGGGGCGGGTATTGCCGCCCCAGCCGGGGCCCCGGG,chr2,462_0,15942680,gnomAD
75,T,TGCGGCG,CGGCTTTCTCTCCGCGCCTGTGTTCGCCGGGACGCATTCGGGGCGGGCGGCGGCGGCGGCAGCGGCGGCTGCGGCGGCGGCGGCGGCAGCCTCCGGCTTTGCGTACCCCGGGACCTCTGAGCGCACGGGCTCTTCCTCGT,CGGCTTTCTCTCCGCGCCTGTGTTCGCCGGGACGCATTCGGGGCGGGCGGCGGCGGCGGCAGCGGCGGCTGCGGCGGCGGCGGCGGCGGCGGCAGCCTCCGGCTTTGCGTACCCCGGGACCTCTGAGCGCACGGGCTCTTCCTCGT,chr2,347_0,176093082,gnomAD
76,TAGG,T,TATTTGTCTCCTTGCCACAGAACTATTCTCCCCAGTATGATTCATATGATGTCAAGTCTGGAGTAGCAGTAGGAGGACTCGCAGGCTATCCTGGACCAGCTGTACGTACAAATGTTTCTCAGCATTTTGGAGCTTTATTATCT,TATTTGTCTCCTTGCCACAGAACTATTCTCCCCAGTATGATTCATATGATGTCAAGTCTGGAGTAGCAGTAGGACTCGCAGGCTATCCTGGACCAGCTGTACGTACAAATGTTTCTCAGCATTTTGGAGCTTTATTATCT,chr2,1024_0,188987108,gnomAD
77,AGACCCCTGGAGGGTTTACTCCCAG,A,ACCTGGAATGCAGGTCTCTGAGCCAGGAGACCCAAAGGTCACATGGATGACCTCATCTTACTGTAAAGCAGACCCCTGGAGGGTTTACTCCCAGGACCCCCAGGACCTGGACATTGTTGCTCATGCACTGACAGGCCGCCGTAACTCAGCTCCTGTGAGTGTGT,ACCTGGAATGCAGGTCTCTGAGCCAGGAGACCCAAAGGTCACATGGATGACCTCATCTTACTGTAAAGCAGACCCCCAGGACCTGGACATTGTTGCTCATGCACTGACAGGCCGCCGTAACTCAGCTCCTGTGAGTGTGT,chr3,1024_0,119415385,gnomAD
78,GCAACAGTAGCAGTGA,G,ACAGTGATAGTAGTGATAGCAGCAATAGCAGTGATAGTAGTGACAGCAGTGACAGTGACAGCAGTGATAGCAACAGTAGCAGTGATAGTGACAGCAGTGACAGTGACAGCAGTGATAGCAGTGACAGTGATAGTAGTGATAGCAGCAATAGCAGT,ACAGTGATAGTAGTGATAGCAGCAATAGCAGTGATAGTAGTGACAGCAGTGACAGTGACAGCAGTGATAGTAGTGACAGCAGTGACAGTGACAGCAGTGATAGCAGTGACAGTGATAGTAGTGATAGCAGCAATAGCAGT,chr4,1024_0,87614383,gnomAD
79,CGACAGCAGTGATAGCAGT,C,CAGCAATGAAAGCAGCGACAGCAGTGACAGCAGCGATAGCAGTGACAGCAGCAACAGCAGTGACAGCAGCGACAGCAGTGATAGCAGTGACAGCACATCTGACAGCAATGATGAGAGTGACAGCCAGAGCAAGTCTGGTAACGGTAACAACAATGGAA,CAGCAATGAAAGCAGCGACAGCAGTGACAGCAGCGATAGCAGTGACAGCAGCAACAGCAGTGACAGCAGCGACAGCACATCTGACAGCAATGATGAGAGTGACAGCCAGAGCAAGTCTGGTAACGGTAACAACAATGGAA,chr4,1024_0,87616421,gnomAD
80,TGTC,T,TCTTGGTGGATAGGGAGGCGGATGTAAGGCCCTTGGCGGCCCAGTTGTTGTAGGAATAGCCTGGGTACATGTCGTCGTAGGGCTGCATGAGCCCATTGAACTGCGGCCCGAAGCCATTCTTGCATAGCTCGGCCTGCTGGTTG,TCTTGGTGGATAGGGAGGCGGATGTAAGGCCCTTGGCGGCCCAGTTGTTGTAGGAATAGCCTGGGTACATGTCGTAGGGCTGCATGAGCCCATTGAACTGCGGCCCGAAGCCATTCTTGCATAGCTCGGCCTGCTGGTTG,chr4,325_0,110618571,gnomAD
81,TCTC,T,ACACACTTATGTACTGTGCTTGTTGACCACCTGATCATTTTTAAAGGAACAGCTTATTCGTCCTCACCTTCTCCTTCAGACTCTCCTGTGCACCCGACAGGACGTTCACAAAGCCTTCCAGGGAGCTCAAGAACTCCTGGCGA,ACACACTTATGTACTGTGCTTGTTGACCACCTGATCATTTTTAAAGGAACAGCTTATTCGTCCTCACCTTCTTCAGACTCTCCTGTGCACCCGACAGGACGTTCACAAAGCCTTCCAGGGAGCTCAAGAACTCCTGGCGA,chr5,1024_0,13922109,gnomAD
82,AACGGTTATCGGAAGT,A,ACAGCACTCCGTTTAAGGAAAAAATCTGAGAAAAAAGATAAAGACGGCAAAAGGGAAGGCAAGTTAGAGAACGGTTATCGGAAGTCACGGGAAGGACTCAGCAACAAGGTATCTGTGAAGGTGTGTTCGGGGGTCTTCAGGAGTCCGTGTCATCC,ACAGCACTCCGTTTAAGGAAAAAATCTGAGAAAAAAGATAAAGACGGCAAAAGGGAAGGCAAGTTAGAGACACGGGAAGGACTCAGCAACAAGGTATCTGTGAAGGTGTGTTCGGGGGTCTTCAGGAGTCCGTGTCATCC,chr5,1024_0,14496967,gnomAD
83,CTCT,C,CCTGCAGTGCCCATGGCGTCCCGTGCCTTATTCATTCTCCTCTCTCATTTCCACGATGTCTGTCACCTCCTCTGTCGGAGGCATGTCTGTCATGGCAGAGTCTTCCCCCTCCGTGGCCGACTCATTCTCCATCTTCTTTTTCT,CCTGCAGTGCCCATGGCGTCCCGTGCCTTATTCATTCTCCTCTCTCATTTCCACGATGTCTGTCACCTCCGTCGGAGGCATGTCTGTCATGGCAGAGTCTTCCCCCTCCGTGGCCGACTCATTCTCCATCTTCTTTTTCT,chr5,493_0,14711239,gnomAD
84,GAGA,G,ATGTATATTCAGATGGTTACAGCACTGGTTTTACAACTTATTCAGTGTGTGGTACACTTACCATCATCAGAGAAGGACTCTAATGCAGAAGAAGATTCAAATAAAAAAGTAAGGAATCTATTAAAGGTTTTACAACTGTACTT,ATGTATATTCAGATGGTTACAGCACTGGTTTTACAACTTATTCAGTGTGTGGTACACTTACCATCATCAGAGGACTCTAATGCAGAAGAAGATTCAAATAAAAAAGTAAGGAATCTATTAAAGGTTTTACAACTGTACTT,chr5,1024_0,37010187,gnomAD
85,ATTGGTGGTG,A,GTTTTAGATTTTAATATCACTATTTTTTAATCATTTATTTTTACTTTCCTTTTTGTAGGATCCATTGGTATTGGTGGTGTTGATTATGTCTTAAATTGTATTCTTGGAAACCAAACTGAATCAAACAATTGGCAAGAACTTCTTGGCCG,GTTTTAGATTTTAATATCACTATTTTTTAATCATTTATTTTTACTTTCCTTTTTGTAGGATCCATTGGTATTGATTATGTCTTAAATTGTATTCTTGGAAACCAAACTGAATCAAACAATTGGCAAGAACTTCTTGGCCG,chr5,1024_0,56881094,gnomAD
86,TGGCGGCGGCGGCGCG,T,GGAGATCTGCATGTACTCGTCCTTCAACACCGGCGGCGGCGCCGCGGGCGGCCCCGGCGACGACAGCGGTGGCGGCGGCGGCGCGGGCGGCGGCGGCGGCGGCGGCTCCTCGTCTTCCCCGGCCGCAACCTCGGCGGCCGCAACCTCGGCCGCCG,GGAGATCTGCATGTACTCGTCCTTCAACACCGGCGGCGGCGCCGCGGGCGGCCCCGGCGACGACAGCGGTGGCGGCGGCGGCGGCGGCGGCTCCTCGTCTTCCCCGGCCGCAACCTCGGCGGCCGCAACCTCGGCCGCCG,chr5,1024_0,61332698,gnomAD
87,G,GGGC,CTCGTCCTTCAACACCGGCGGCGGCGCCGCGGGCGGCCCCGGCGACGACAGCGGTGGCGGCGGCGGCGCGGGCGGCGGCGGCGGCGGCGGCTCCTCGTCTTCCCCGGCCGCAACCTCGGCGGCCGCAACCTCGGCCGCCG,CTCGTCCTTCAACACCGGCGGCGGCGCCGCGGGCGGCCCCGGCGACGACAGCGGTGGCGGCGGCGGCGCGGGCGGCGGCGGCGGCGGCGGCGGCTCCTCGTCTTCCCCGGCCGCAACCTCGGCGGCCGCAACCTCGGCCGCCG,chr5,1024_0,61332713,gnomAD
88,TGCCGCCGCC,T,CGGCGGCGGCGGCTCCTCGTCTTCCCCGGCCGCAACCTCGGCGGCCGCAACCTCGGCCGCCGCCGCCGCTGCCGCCGCCGCCGCCGCCGCCGCCGCCGCCGCGGGGGCCGGGGCCCCGTCGGTGGGGGCTGCCGGGGCGGCGGACGGCG,CGGCGGCGGCGGCTCCTCGTCTTCCCCGGCCGCAACCTCGGCGGCCGCAACCTCGGCCGCCGCCGCCGCTGCCGCCGCCGCCGCCGCCGCCGCGGGGGCCGGGGCCCCGTCGGTGGGGGCTGCCGGGGCGGCGGACGGCG,chr5,1024_0,61332791,gnomAD
89,C,CGCGGCG,TGGCGAGATCCGCAGGACGACGTGGCCGGGGGCAACCCCGGCGGCCCCAACCCCGCAGCGCAGGCGGCCCGCGGCGGCGGCGGCGGCGCCGGCGAGCAGCAGCAGCAGGCGGGCTCGGGCGCGCCGCACACGCCGCAGAC,TGGCGAGATCCGCAGGACGACGTGGCCGGGGGCAACCCCGGCGGCCCCAACCCCGCAGCGCAGGCGGCCCGCGGCGGCGGCGGCGGCGGCGGCGCCGGCGAGCAGCAGCAGCAGGCGGGCTCGGGCGCGCCGCACACGCCGCAGAC,chr5,427_0,93585114,gnomAD
90,TCCA,T,AGAGGAGGAGGATGTGAAACTCTTAAGTATATCTGGAAAGCGGTCTGCCCCTGGAGGTGGTAGCAAGGTTCCACAGGTAGAGATGGCAATTTTATTATAGGTTTTGTATTATAGCTTTTAGTTTGGTGATAGAACAGCTCTTG,AGAGGAGGAGGATGTGAAACTCTTAAGTATATCTGGAAAGCGGTCTGCCCCTGGAGGTGGTAGCAAGGTTCAGGTAGAGATGGCAATTTTATTATAGGTTTTGTATTATAGCTTTTAGTTTGGTGATAGAACAGCTCTTG,chr5,295_0,171392810,gnomAD
91,GCGCCGCCGCCGCCCGCGCCCTCCGCCC,G,TCCAGCGGGAGCAGCCCCCCGGGCAGCCTGCCGTCGGCGCGGCCGCTCAGCCTGGACGGTGCGGATTCCGCGCCGCCGCCGCCCGCGCCCTCCGCCCCGCCGCCGCACCATAGCCAGGGCTTCAGCGTGGACAACATCATGACGTCGCTGCGGGGGTCGCCGCAGAG,TCCAGCGGGAGCAGCCCCCCGGGCAGCCTGCCGTCGGCGCGGCCGCTCAGCCTGGACGGTGCGGATTCCGCGCCGCCGCACCATAGCCAGGGCTTCAGCGTGGACAACATCATGACGTCGCTGCGGGGGTCGCCGCAGAG,chr6,546_0,1611316,gnomAD
92,GGGCGGC,G,CGCCTACTCGCCCGGCCAGAGCTCCCTCTACAGCTCCCCCTGCAGCCAGACCTCCAGCGCGGGCAGCTCGGGCGGCGGCGGCGGCGGCGCGGGGGCCGCGGGGGGCGCGGGCGGCGCCGGGACCTACCACTGCAACCTGCAAGCCA,CGCCTACTCGCCCGGCCAGAGCTCCCTCTACAGCTCCCCCTGCAGCCAGACCTCCAGCGCGGGCAGCTCGGGCGGCGGCGGCGCGGGGGCCGCGGGGGGCGCGGGCGGCGCCGGGACCTACCACTGCAACCTGCAAGCCA,chr6,553_0,1611567,gnomAD
93,G,GATT,CATGGAAAGCAAGGATTCCTGGGCACACACATCCCGCTACTCACCAGCAGCCTCATTGTAGTACACGTTGATTCTCTCCAGCTGCAAGTCACTGTCTCCATGGTAACTGCCTGTGGGGTCGATCCCATGCTCATCGCTGA,CATGGAAAGCAAGGATTCCTGGGCACACACATCCCGCTACTCACCAGCAGCCTCATTGTAGTACACGTTGATTATTCTCTCCAGCTGCAAGTCACTGTCTCCATGGTAACTGCCTGTGGGGTCGATCCCATGCTCATCGCTGA,chr6,448_0,3156069,gnomAD
94,A,AGGGGGTGGGGGGGGGGGG,AGAGCAGTGGTACCCTGTAACCCTGCCAACAGGCAGTGGGGGATCTGGGGGCATGGGTTCGGGAGGGGGAGGGGGCTCGGGGGGTGGCTCAGGGGGCAAGGGCAAAGGAGGTTGCCCGGCTGTGCGGCTGAAAGCACGTT,AGAGCAGTGGTACCCTGTAACCCTGCCAACAGGCAGTGGGGGATCTGGGGGCATGGGTTCGGGAGGGGGAGGGGGTGGGGGGGGGGGGGGGGGCTCGGGGGGTGGCTCAGGGGGCAAGGGCAAAGGAGGTTGCCCGGCTGTGCGGCTGAAAGCACGTT,chr6,1024_0,33438051,gnomAD
95,GGGC,G,GGGCGGCCGCTACGAGCACCCGGGCTTGGGCGCCCTGGGCACGCAGCAGCCGCCGGTCGCCGTGCCCGGGGGCGGCGGCGGCCCGGCGGCCGTCCCGGAGTTTAATAATTACTATGGCAGCGCTGCCCCTGCGAGCGGCGGCC,GGGCGGCCGCTACGAGCACCCGGGCTTGGGCGCCCTGGGCACGCAGCAGCCGCCGGTCGCCGTGCCCGGGGGCGGCGGCCCGGCGGCCGTCCCGGAGTTTAATAATTACTATGGCAGCGCTGCCCCTGCGAGCGGCGGCC,chr6,1024_0,156778586,gnomAD
96,GGGCGGCGGCGGCGGC,G,GCAGAACTCCCACGAAGGGTACCCCAACAGCCAGTGCAACCATTATCCGGGCTACAGCCGGCCCGGCGCGGGCGGCGGCGGCGGCGGCGGCGGCGGAGGAGGAGGAGGCAGCGGAGGAGGAGGAGGAGGAGGAGGAGCAGGAGCAGGAGGAGCAG,GCAGAACTCCCACGAAGGGTACCCCAACAGCCAGTGCAACCATTATCCGGGCTACAGCCGGCCCGGCGCGGGCGGCGGCGGAGGAGGAGGAGGCAGCGGAGGAGGAGGAGGAGGAGGAGGAGCAGGAGCAGGAGGAGCAG,chr6,1024_0,156778847,gnomAD
97,C,CGGCGGCGGAGGAGGAGGA,GTACCCCAACAGCCAGTGCAACCATTATCCGGGCTACAGCCGGCCCGGCGCGGGCGGCGGCGGCGGCGGCGGCGGCGGAGGAGGAGGAGGCAGCGGAGGAGGAGGAGGAGGAGGAGGAGCAGGAGCAGGAGGAGCAGGAG,GTACCCCAACAGCCAGTGCAACCATTATCCGGGCTACAGCCGGCCCGGCGCGGGCGGCGGCGGCGGCGGCGGCGGCGGAGGAGGAGGAGGCGGCGGAGGAGGAGGAGGCAGCGGAGGAGGAGGAGGAGGAGGAGGAGCAGGAGCAGGAGGAGCAGGAG,chr6,1024_0,156778865,gnomAD
98,A,AGGAGGAGGAGGCAGC,CAGCCAGTGCAACCATTATCCGGGCTACAGCCGGCCCGGCGCGGGCGGCGGCGGCGGCGGCGGCGGCGGAGGAGGAGGAGGCAGCGGAGGAGGAGGAGGAGGAGGAGGAGCAGGAGCAGGAGGAGCAGGAGCGGGAGCTG,CAGCCAGTGCAACCATTATCCGGGCTACAGCCGGCCCGGCGCGGGCGGCGGCGGCGGCGGCGGCGGCGGAGGAGGAGGAGGCAGCGGAGGAGGAGGCAGCGGAGGAGGAGGAGGAGGAGGAGGAGCAGGAGCAGGAGGAGCAGGAGCGGGAGCTG,chr6,1024_0,156778874,gnomAD
99,A,AGGAGGAGCAGGAGCG,CGGCGGCGGCGGCGGCGGCGGAGGAGGAGGAGGCAGCGGAGGAGGAGGAGGAGGAGGAGGAGCAGGAGCAGGAGGAGCAGGAGCGGGAGCTGTGGCGGCGGCGGCCGCGGCGGCGGCGGCAGCAGCAGGAGGCGGCGGCG,CGGCGGCGGCGGCGGCGGCGGAGGAGGAGGAGGCAGCGGAGGAGGAGGAGGAGGAGGAGGAGCAGGAGCAGGAGGAGCAGGAGCGGGAGGAGCAGGAGCGGGAGCTGTGGCGGCGGCGGCCGCGGCGGCGGCGGCAGCAGCAGGAGGCGGCGGCG,chr6,1024_0,156778922,gnomAD
100,AGGCGGC,A,AGCAGGAGCAGGAGGAGCAGGAGCGGGAGCTGTGGCGGCGGCGGCCGCGGCGGCGGCGGCAGCAGCAGGAGGCGGCGGCGGCGGCGGCTATGGGGGCTCGTCCGCGGGGTACGGGGTGCTGAGCTCCCCCCGGCAGCAGGGCGGCG,AGCAGGAGCAGGAGGAGCAGGAGCGGGAGCTGTGGCGGCGGCGGCCGCGGCGGCGGCGGCAGCAGCAGGAGGCGGCGGCGGCTATGGGGGCTCGTCCGCGGGGTACGGGGTGCTGAGCTCCCCCCGGCAGCAGGGCGGCG,chr6,1024_0,156778982,gnomAD
101,G,GGGCCCGCCT,GACGAGCTCTGCGCCGCTGCCGAGCAGGGGCTGCATTGCTTGGCGGCCTCTGCGCCCGCCGGGCCCGCCGGGCCGGGACCTCCCGAGGACGACGCGGCGGCGGCGGCGGCGGCTGCAGCGGCAGCCGCGGCAGCAGCGGC,GACGAGCTCTGCGCCGCTGCCGAGCAGGGGCTGCATTGCTTGGCGGCCTCTGCGCCCGCCGGGCCCGCCGGGCCCGCCTGGCCGGGACCTCCCGAGGACGACGCGGCGGCGGCGGCGGCGGCTGCAGCGGCAGCCGCGGCAGCAGCGGC,chr7,393_0,27199656,gnomAD
102,C,CGCG,GCAGGGGCTGCATTGCTTGGCGGCCTCTGCGCCCGCCGGGCCCGCCGGGCCGGGACCTCCCGAGGACGACGCGGCGGCGGCGGCGGCGGCTGCAGCGGCAGCCGCGGCAGCAGCGGCGGCAGCCGACGGGGGCGCCTCCC,GCAGGGGCTGCATTGCTTGGCGGCCTCTGCGCCCGCCGGGCCCGCCGGGCCGGGACCTCCCGAGGACGACGCGGCGGCGGCGGCGGCGGCGGCTGCAGCGGCAGCCGCGGCAGCAGCGGCGGCAGCCGACGGGGGCGCCTCCC,chr7,391_0,27199679,gnomAD
103,GGCGGCGGCGGCGGCTGCAGCGGCAGCCGCGGCAGCA,G,GCTGCATTGCTTGGCGGCCTCTGCGCCCGCCGGGCCCGCCGGGCCGGGACCTCCCGAGGACGACGCGGCGGCGGCGGCGGCGGCTGCAGCGGCAGCCGCGGCAGCAGCGGCGGCAGCCGACGGGGGCGCCTCCCCGGGGGCGCTGCTGTAGGCGGACGCGGCTCCTGGCGCCAAGG,GCTGCATTGCTTGGCGGCCTCTGCGCCCGCCGGGCCCGCCGGGCCGGGACCTCCCGAGGACGACGCGGCGGCGGCGGCAGCCGACGGGGGCGCCTCCCCGGGGGCGCTGCTGTAGGCGGACGCGGCTCCTGGCGCCAAGG,chr7,378_0,27199685,gnomAD
104,TGCAGCGGCAGCCGCGGCA,T,GGCCTCTGCGCCCGCCGGGCCCGCCGGGCCGGGACCTCCCGAGGACGACGCGGCGGCGGCGGCGGCGGCTGCAGCGGCAGCCGCGGCAGCAGCGGCGGCAGCCGACGGGGGCGCCTCCCCGGGGGCGCTGCTGTAGGCGGACGCGGCTCCTGGCGCCA,GGCCTCTGCGCCCGCCGGGCCCGCCGGGCCGGGACCTCCCGAGGACGACGCGGCGGCGGCGGCGGCGGCTGCAGCGGCGGCAGCCGACGGGGGCGCCTCCCCGGGGGCGCTGCTGTAGGCGGACGCGGCTCCTGGCGCCA,chr7,384_0,27199700,gnomAD
105,CCCG,C,AGGGTGGGGAGGGAATCTAACCAGTACAGAGTGCCTCCCTGAACTCGGTCTGTGTTCCCAGGAGCCGGACCCGCCGCCGCCGCTGCCGCAGCCAAAGCTGCTGCCAAAGCCGCCCAGTTTGGTGAGCACTGGGTGGAGGTGGG,AGGGTGGGGAGGGAATCTAACCAGTACAGAGTGCCTCCCTGAACTCGGTCTGTGTTCCCAGGAGCCGGACCCGCCGCCGCTGCCGCAGCCAAAGCTGCTGCCAAAGCCGCCCAGTTTGGTGAGCACTGGGTGGAGGTGGG,chr7,678_0,74063318,gnomAD
106,GAGT,G,TAAGCTTTTGTGCTATTTGACTAAAACTGACTCTTCTGTATTTCTTTCCAGCATACAAGACAGTATCTGGAGTCAATGGTCCACTAGTGATCTTAGATCATGTTAAGGTAATACCACTATCTGTTTTGGTCTATTTATGTAGT,TAAGCTTTTGTGCTATTTGACTAAAACTGACTCTTCTGTATTTCTTTCCAGCATACAAGACAGTATCTGGCAATGGTCCACTAGTGATCTTAGATCATGTTAAGGTAATACCACTATCTGTTTTGGTCTATTTATGTAGT,chr8,512_0,20204502,gnomAD
107,T,TGAAGGCCTC,GAAGAAGATGGCAGATCCAGGAATGATGAGTCTTTTTGGCGAGGATGGGAATATTTTCAGTGAAGGTCTTGAAGGCCTCGGAGAATGTGGTTACCCGGAAAATCCAGTAAATCCTATGGGTCAGCAAATGCCAATAGACC,GAAGAAGATGGCAGATCCAGGAATGATGAGTCTTTTTGGCGAGGATGGGAATATTTTCAGTGAAGGTCTTGAAGGCCTCGAAGGCCTCGGAGAATGTGGTTACCCGGAAAATCCAGTAAATCCTATGGGTCAGCAAATGCCAATAGACC,chr8,953_0,60741495,gnomAD
108,CCGCCTCCGCCGCCCCCGT,C,GCCAGCCCCACTTTCCGCTCCTCGTCGCCGGCCGCCGCCGCGTCCCCTCCGGCTGGGTTAGCCGCCCCGCCGCCTCCGCCGCCCCCGTCGCCGCCGCCGCCAGCCGCCCCCGCCGCCCTGCGCGCCTTGAGCCCCATCTGCCTCGCCCCCGCCGGCCG,GCCAGCCCCACTTTCCGCTCCTCGTCGCCGGCCGCCGCCGCGTCCCCTCCGGCTGGGTTAGCCGCCCCGCCGCCGCCGCCGCCAGCCGCCCCCGCCGCCCTGCGCGCCTTGAGCCCCATCTGCCTCGCCCCCGCCGGCCG,chr8,868_0,132480465,gnomAD
109,CCCGCTGCCA,C,GCGGGCAGGCGGGCGGGCCTGAGGGAGAGGATGCTTAAGGTCAGTACCTGTGGAGGTTTCCATTTGTCTCCCGCTGCCACCACTGCCGCCGCCGCCGCCGGCTCGGACCCCCCTCCTTGCTGGCCATTGACCTGCTGCAGGCAGGAAGG,GCGGGCAGGCGGGCGGGCCTGAGGGAGAGGATGCTTAAGGTCAGTACCTGTGGAGGTTTCCATTTGTCTCCCACTGCCGCCGCCGCCGCCGGCTCGGACCCCCCTCCTTGCTGGCCATTGACCTGCTGCAGGCAGGAAGG,chr8,562_0,143824335,gnomAD
110,A,ACAG,CCAGCCCCTCCCCGAAACGCTGCAGCTTGCAGTCCAGGGGAAAAGGACGTTGCCTGGCTTGCAGCAACAACAGCAGCAGCAACAGCAGCAGCAGCAGCAGCAGCAGCAGCAGCAGCAGCAGCAACAGCAGCCGCAGCAGC,CCAGCCCCTCCCCGAAACGCTGCAGCTTGCAGTCCAGGGGAAAAGGACGTTGCCTGGCTTGCAGCAACAACAGCAGCAGCAGCAACAGCAGCAGCAGCAGCAGCAGCAGCAGCAGCAGCAGCAGCAACAGCAGCCGCAGCAGC,chr9,1024_0,2039764,gnomAD
111,TGCCCGCGCCCGGCGGCCGGCCCTC,T,CATGTCGCTCTTGTCCCGCAGGCCCGGGGCCGGAGCTGAGCGGCCCGAGCACCCCGCAGAAGCTGCCGGTGCCCGCGCCCGGCGGCCGGCCCTCGCCCGCGCCCCCCGCAGCCGCGCAGCCGCCCGCGGCCGCAGTGCCCGGGCCCTCAGTGCCGCAGCCGGCC,CATGTCGCTCTTGTCCCGCAGGCCCGGGGCCGGAGCTGAGCGGCCCGAGCACCCCGCAGAAGCTGCCGGTGCCCGCGCCCCCCGCAGCCGCGCAGCCGCCCGCGGCCGCAGTGCCCGGGCCCTCAGTGCCGCAGCCGGCC,chr9,1024_0,2047277,gnomAD
112,TCGCCGCCGCCGCCGC,T,GGCCGCCCAGCACCGCGCTGCAGGCACACTCGCCCGCGCTGCCCGCCCCGCACGCGCACGCGCCCGCGCTCGCCGCCGCCGCCGCCGCCGCCGCCGCCGCCGCCGCGCACCACCTGCCGGCCATGGTGCTGTGAGCGCGCCCGCGCCCCCGCCGG,GGCCGCCCAGCACCGCGCTGCAGGCACACTCGCCCGCGCTGCCCGCCCCGCACGCGCACGCGCCCGCGCTCGCCGCCGCCGCCGCCGCCGCGCACCACCTGCCGGCCATGGTGCTGTGAGCGCGCCCGCGCCCCCGCCGG,chr9,364_0,130681605,gnomAD
113,GTCCTGACAGGTGCCGCCA,G,CGGCGCACTCACCTGGCAGTTGGGGCCAGTGTAGCCCTGGGGGCAGGTGCACCTGTAGGAGCCGCAGCCGTCCTGACAGGTGCCGCCATGCAGGCAGGGCTGTGAGTCGCACTCATTGACATCGTGCTGGCAGTAGCTGCCCGTGAAGCCGGGTGGAC,CGGCGCACTCACCTGGCAGTTGGGGCCAGTGTAGCCCTGGGGGCAGGTGCACCTGTAGGAGCCGCAGCCGTGCAGGCAGGGCTGTGAGTCGCACTCATTGACATCGTGCTGGCAGTAGCTGCCCGTGAAGCCGGGTGGAC,chr9,1024_0,136508927,gnomAD
114,G,GCCGCCACAGCGGCCGCGGCCGCCA,TCCTCCGAGTCCTCGTCCCTGCTCAGCACCGGCTCCTCCGCCTCGCCTCCTGCCGCGGCCGCGGCCGCCGCCGCCACAGCGGCCGCGGCCGCCACCGCCGCCGCCTCAGCCAGGCCCAGCTGCTTTGCCGCCGAGTCCGA,TCCTCCGAGTCCTCGTCCCTGCTCAGCACCGGCTCCTCCGCCTCGCCTCCTGCCGCGGCCGCGGCCGCCGCCGCCACAGCGGCCGCGGCCGCCACCGCCACAGCGGCCGCGGCCGCCACCGCCGCCGCCTCAGCCAGGCCCAGCTGCTTTGCCGCCGAGTCCGA,chr11,575_0,694968,gnomAD
115,G,GGCGGCTGGGGCTGCGGCTGCT,TGGAGTTTGAGGCTGCCGTCCGGGGGCGTCTTGCAGGCGCCTCGCTGCAAGTAAAGATGCGGTTGCGCGGGCGGCTGGGGCTGCGGCTGCTGCTGCTGCGGCTGCGGCTGCGGCGGCGGCTGGGGCTGCGGGGTCGACGG,TGGAGTTTGAGGCTGCCGTCCGGGGGCGTCTTGCAGGCGCCTCGCTGCAAGTAAAGATGCGGTTGCGCGGGCGGCTGGGGCTGCGGCTGCTGCGGCTGGGGCTGCGGCTGCTGCTGCTGCGGCTGCGGCTGCGGCGGCGGCTGGGGCTGCGGGGTCGACGG,chr11,420_0,44309713,gnomAD
116,T,TTGCTGCTGC,GAGCTTGGTGAGCAGCCGGGGACTCTGGGAAGGGCTGAGAGCCAGCACAGCTGAGTGCTGTTGCTGTTGTTGCTGCTGCTGCTGCTGTTGTTGCTGCTGCTTGTTCCGATATTCTGCCATGAGATTAGTGTGCTCCTTCT,GAGCTTGGTGAGCAGCCGGGGACTCTGGGAAGGGCTGAGAGCCAGCACAGCTGAGTGCTGTTGCTGTTGTTGCTGCTGCTGCTGCTGCTGCTGCTGTTGTTGCTGCTGCTTGTTCCGATATTCTGCCATGAGATTAGTGTGCTCCTTCT,chr12,1024_0,49033881,gnomAD
117,CCCCGTA,C,GATGTGGTGGGTCTGTTCAGTCACATTGTCCTCATGCAGGTCTGGATTCTTGGTCTGCTCTCCCTTGTTCCCCGTACTGTTCTCATCCTCATCCTACGAGTATGGAGGCTGCTGGACACTCAGCATTCCTGCTTCCTCCCTAGCAA,GATGTGGTGGGTCTGTTCAGTCACATTGTCCTCATGCAGGTCTGGATTCTTGGTCTGCTCTCCCTTGTTCCTGTTCTCATCCTCATCCTACGAGTATGGAGGCTGCTGGACACTCAGCATTCCTGCTTCCTCCCTAGCAA,chr12,1024_0,56178511,gnomAD
118,CATT,C,GCAGTGACCTTCAAGGCCCGGCGCCACGAGAGCAAGTTCACGGACGCCTACAACCGCCGCCACGAACATCATTATGTACACAATTCTCCCGCGGTCACTGCGGTGGCCGGGGCCACAGCCGCTTTCCGGGGTTCCTCGGACCT,GCAGTGACCTTCAAGGCCCGGCGCCACGAGAGCAAGTTCACGGACGCCTACAACCGCCGCCACGAACATCATGTACACAATTCTCCCGCGGTCACTGCGGTGGCCGGGGCCACAGCCGCTTTCCGGGGTTCCTCGGACCT,chr12,1024_0,121809927,gnomAD
119,T,TGCGGCG,GTCCCCCAGCGCCGAGCCCCAGAGCAGCTCCAACCTGTCCCCAGCGGCGGCGGCAGCGGCGGCGGCGGCTGCGGCGGCGGCGGCCGCGGTGTCCGCGGTGCACCGGGGCGGAGGCTCGGGCAGTGGCGGCGCGGGAGGCG,GTCCCCCAGCGCCGAGCCCCAGAGCAGCTCCAACCTGTCCCCAGCGGCGGCGGCAGCGGCGGCGGCGGCTGCGGCGGCGGCGGCGGCGGCCGCGGTGTCCGCGGTGCACCGGGGCGGAGGCTCGGGCAGTGGCGGCGCGGGAGGCG,chr13,536_0,99985475,gnomAD
120,CTTG,C,CTTAACTGGAGGGGTGGTTCCTGTAGGATGTCTGCGGATCTGGCAGCCATTCTGGCTGGGCCTCTGCGGCTTGTTGTTCAGTTGGGGCTTCTTGACAGTGCCTCCATGATCATTTCTCACAGAATCAACCTTCTCAGCAGTTG,CTTAACTGGAGGGGTGGTTCCTGTAGGATGTCTGCGGATCTGGCAGCCATTCTGGCTGGGCCTCTGCGGCTTGTTCAGTTGGGGCTTCTTGACAGTGCCTCCATGATCATTTCTCACAGAATCAACCTTCTCAGCAGTTG,chr15,1024_0,75409905,gnomAD
121,TTGCTGC,T,GATGTCCAATGGGTTGTGCCGCAGCTGCCCGCCCTCCGAGGATAGCACTTGCGGCTGCTGAGGCTGCTGTTGCTGCTGCTGCTGCTGCTGCTGCTGCTGCTGCCGCCGCCGCTGCCCGTCGCTGGGGTCGGACGCGGGGACGGAGC,GATGTCCAATGGGTTGTGCCGCAGCTGCCCGCCCTCCGAGGATAGCACTTGCGGCTGCTGAGGCTGCTGTTGCTGCTGCTGCTGCTGCTGCTGCTGCCGCCGCCGCTGCCCGTCGCTGGGGTCGGACGCGGGGACGGAGC,chr15,1024_0,89333596,gnomAD
122,TTGCTGCTGC,T,GATGTCCAATGGGTTGTGCCGCAGCTGCCCGCCCTCCGAGGATAGCACTTGCGGCTGCTGAGGCTGCTGTTGCTGCTGCTGCTGCTGCTGCTGCTGCTGCTGCCGCCGCCGCTGCCCGTCGCTGGGGTCGGACGCGGGGACGGAGCTGG,GATGTCCAATGGGTTGTGCCGCAGCTGCCCGCCCTCCGAGGATAGCACTTGCGGCTGCTGAGGCTGCTGTTGCTGCTGCTGCTGCTGCTGCTGCCGCCGCCGCTGCCCGTCGCTGGGGTCGGACGCGGGGACGGAGCTGG,chr15,1024_0,89333596,gnomAD
123,TGGA,T,CGGTGTCCAATAACTACATTGTGGGGAATAAGCCCCCAAAGGAATGTGGGGACCTGTGTCCAGGGACCATGGAGGAGAAGCCGATGTGTGAGAAGACCACCATCAACAATGAGTACAACTACCGCTGCTGGACCACAAACCGC,CGGTGTCCAATAACTACATTGTGGGGAATAAGCCCCCAAAGGAATGTGGGGACCTGTGTCCAGGGACCATGGAGAAGCCGATGTGTGAGAAGACCACCATCAACAATGAGTACAACTACCGCTGCTGGACCACAAACCGC,chr15,1024_0,98708024,gnomAD
124,CGCTGCT,C,CCAAGCTGTCCCATCTGAGCCGCCATCTGGCCCATGGAGCTGCCCTGGAGGGGGAGATGCTGCTGCATGCGCTGCTGCTGCTGCATGGCCGGTGGGTAGCCTCCGGGTCCTTGAGGCTGCTGGAACTGGCCGTGCCCCGCCATGCC,CCAAGCTGTCCCATCTGAGCCGCCATCTGGCCCATGGAGCTGCCCTGGAGGGGGAGATGCTGCTGCATGCGCTGCTGCATGGCCGGTGGGTAGCCTCCGGGTCCTTGAGGCTGCTGGAACTGGCCGTGCCCCGCCATGCC,chr16,1024_0,3728301,gnomAD
125,C,CTGCTGCTGCTGTTGCTGCTGTTGT,TCCGGGTCCTTGAGGCTGCTGGAACTGGCCGTGCCCCGCCATGCCCCCAGCCATGCCGGCACTCCCTTGCTGCTGCTGCTGTTGCTGCTGTTGTTGCTGCTGCTGTTGCTGCTGCTGCTGCAGCAGCTGCCTCCGTAACA,TCCGGGTCCTTGAGGCTGCTGGAACTGGCCGTGCCCCGCCATGCCCCCAGCCATGCCGGCACTCCCTTGCTGCTGCTGCTGTTGCTGCTGTTGTTGCTGCTGCTGTTGCTGCTGTTGTTGCTGCTGCTGTTGCTGCTGCTGCTGCAGCAGCTGCCTCCGTAACA,chr16,1024_0,3728402,gnomAD
126,CCCGCCGCCTCCGCCG,C,GCGGTCGTCGAAGTGCAGGCCGCCGGCGGCGTGGTGCGGGTGCAGGGCGCCCCCCGCCCCCGCCGCGCCCCCGCCGCCTCCGCCGCCGCCGCCGCCGCCGCCGCCCCCAGCGCTGGCCGGGCCACCGCCGCCCGCGCCCCCAGCGCCACCGGCCG,GCGGTCGTCGAAGTGCAGGCCGCCGGCGGCGTGGTGCGGGTGCAGGGCGCCCCCCGCCCCCGCCGCGCCCCCGCCGCCGCCGCCGCCGCCCCCAGCGCTGGCCGGGCCACCGCCGCCCGCGCCCCCAGCGCCACCGGCCG,chr16,400_0,79599192,gnomAD
127,G,GGGA,GACCGGGTCGGAAACGAAGAAGGAAGCACCGAGAAAAAAAGGAGAAGAAGACAAAGCGGCGGAAAAAGGGGGAGGGAGATGGGGGGCAAAAGGTGAGTAGAATTAGGGAATGAGAGTGAGAAATCTGCATTAAAGACGGG,GACCGGGTCGGAAACGAAGAAGGAAGCACCGAGAAAAAAAGGAGAAGAAGACAAAGCGGCGGAAAAAGGGGGAGGAGGGAGATGGGGGGCAAAAGGTGAGTAGAATTAGGGAATGAGAGTGAGAAATCTGCATTAAAGACGGG,chr17,1024_0,7890719,gnomAD
128,CAGA,C,TAAGGACACAGAAAGTACCTGCTTCAGCACTAGCATACGTGGAAAAGAGACTGGCTAGAGTCTTCATTGCAGACTTCTGGTACAGCCCAACCACAGTATCATTCAGGGGGTCCTTATTTTTGTCCAGCCAGCCAGTAATGTTG,TAAGGACACAGAAAGTACCTGCTTCAGCACTAGCATACGTGGAAAAGAGACTGGCTAGAGTCTTCATTGCCTTCTGGTACAGCCCAACCACAGTATCATTCAGGGGGTCCTTATTTTTGTCCAGCCAGCCAGTAATGTTG,chr17,1024_0,10409330,gnomAD
129,CGAA,C,CATATGCCATGGCCACCACGGCCAGGATCAGATTGATGAGGTAGAAAGAGCCCAGGAAGATGATGACCACGAAGAAGATCATGTAGGTCTTGCCAGCTGCTCGAAGGGTCTGGGAGTGGAGGGAGAGGGAGTGGAGGGGTCCC,CATATGCCATGGCCACCACGGCCAGGATCAGATTGATGAGGTAGAAAGAGCCCAGGAAGATGATGACCACGAAGATCATGTAGGTCTTGCCAGCTGCTCGAAGGGTCTGGGAGTGGAGGGAGAGGGAGTGGAGGGGTCCC,chr17,1024_0,63964638,gnomAD
130,A,ACCG,CCGGCGGGGCAGGCCGCCCAAGCAGCCCGCGGCTCCCGCTGCGGAGCGCTGCGCCCCGGCCCCGCCGCCACCGCCGCCGCCGCCCACGTCCGGACCCATCGGGGGGCTCCGCTCGCGGCACCGCGGCAGCAGCCGGGGCA,CCGGCGGGGCAGGCCGCCCAAGCAGCCCGCGGCTCCCGCTGCGGAGCGCTGCGCCCCGGCCCCGCCGCCACCGCCGCCGCCGCCGCCCACGTCCGGACCCATCGGGGGGCTCCGCTCGCGGCACCGCGGCAGCAGCCGGGGCA,chr17,1024_0,67825802,gnomAD
131,G,GGAAGACGAC,GGATTCTGAGGACGACGAGGAGGATGAGATGGAAGAGGACGACGATGACTCCGATTATCCGGAGGAGATGGAAGACGACGACGACGACGCCAGTTACTGCACGGAAAGCAGCTTCAGGAGCCATAGTACCTACAGCAGCA,GGATTCTGAGGACGACGAGGAGGATGAGATGGAAGAGGACGACGATGACTCCGATTATCCGGAGGAGATGGAAGACGACGAAGACGACGACGACGACGCCAGTTACTGCACGGAAAGCAGCTTCAGGAGCCATAGTACCTACAGCAGCA,chr17,1024_0,67826261,gnomAD
132,TCTG,T,GAGCAGGGCCCTGGGGAGCCCCTGACCACTCCACCAGGTCCCACCTTTTTCCCAAGGACGTCTTTCTGATCTGCTTCTCTCTGGTGAGCCCGGCCTCCTTCGAGAATGTTCGTGCCAAGGTAGGGCAAGGCTGGGGGCCCCTG,GAGCAGGGCCCTGGGGAGCCCCTGACCACTCCACCAGGTCCCACCTTTTTCCCAAGGACGTCTTTCTGATCTTCTCTCTGGTGAGCCCGGCCTCCTTCGAGAATGTTCGTGCCAAGGTAGGGCAAGGCTGGGGGCCCCTG,chr17,171_0,82032960,gnomAD
133,T,TGGCCCTGGACCCGGCCCGGGTCCC,CGGGATGCAGCAGCAGATGCCAACGCTACCTCCACCCTCGGTGTCCGCAACAGGACCCGGCCCTGGCCCTGGCCCTGGCCCCGGCCCGGGTCCCGGCCCGGCACCTCCAAATTACAGCAGGCCTCATGGTAAGACTGGCT,CGGGATGCAGCAGCAGATGCCAACGCTACCTCCACCCTCGGTGTCCGCAACAGGACCCGGCCCTGGCCCTGGCCCTGGACCCGGCCCGGGTCCCGGCCCTGGCCCCGGCCCGGGTCCCGGCCCGGCACCTCCAAATTACAGCAGGCCTCATGGTAAGACTGGCT,chr19,1024_0,10986535,gnomAD
134,G,GGGGCCC,CCTCCGCGCGTCCCCCTCGTACGTGGCTGGAGCGCCATGCCGGTGCCTTCTCCTGCGCTCGCCCCCGTCGGGGCCCTCGCCCTCGCCCTCGCCGCCCCGGGCCGGCCGGCTGCCCTCGCGGTGCCGCGCCCTCCGCTCCG,CCTCCGCGCGTCCCCCTCGTACGTGGCTGGAGCGCCATGCCGGTGCCTTCTCCTGCGCTCGCCCCCGTCGGGGCCCGGGCCCTCGCCCTCGCCCTCGCCGCCCCGGGCCGGCCGGCTGCCCTCGCGGTGCCGCGCCCTCCGCTCCG,chr19,1024_0,13298645,gnomAD
135,G,GCGCCGC,AGCCGCGCCCCGGCCCTGGGTCCCGCGGTCCGGGCCCTGGGCGCCACCTTTGGGCCGCTGCTGCTGCGCGCGCCGCCGCCGCCGTCCTCGCCGCCGCCAGGGGGCGCTCCCGACGGGTGAGGGGCGGGGCGGAGCCGGAG,AGCCGCGCCCCGGCCCTGGGTCCCGCGGTCCGGGCCCTGGGCGCCACCTTTGGGCCGCTGCTGCTGCGCGCGCCGCCGCCGCCGCCGCCGTCCTCGCCGCCGCCAGGGGGCGCTCCCGACGGGTGAGGGGCGGGGCGGAGCCGGAG,chr19,732_0,18161449,gnomAD
136,GCGC,G,AGCCGCGCCCCGGCCCTGGGTCCCGCGGTCCGGGCCCTGGGCGCCACCTTTGGGCCGCTGCTGCTGCGCGCGCCGCCGCCGCCGTCCTCGCCGCCGCCAGGGGGCGCTCCCGACGGGTGAGGGGCGGGGCGGAGCCGGAGCGA,AGCCGCGCCCCGGCCCTGGGTCCCGCGGTCCGGGCCCTGGGCGCCACCTTTGGGCCGCTGCTGCTGCGCGCGCCGCCGCCGTCCTCGCCGCCGCCAGGGGGCGCTCCCGACGGGTGAGGGGCGGGGCGGAGCCGGAGCGA,chr19,729_0,18161449,gnomAD
137,AAGG,A,GGGCTGAGGTGGTAGTTGTAGACGCTTTGGGTGTGGGCCTGCAGGTACCGTTTCATGTCCTCAGGGCTGAAGGAGAAGTGGGAGCCTCCCCCTGAGCCGCTGGGCCCCCCGCCACCACTGGGGTACATCGGGCTCAGCGTGGG,GGGCTGAGGTGGTAGTTGTAGACGCTTTGGGTGTGGGCCTGCAGGTACCGTTTCATGTCCTCAGGGCTGAAGAAGTGGGAGCCTCCCCCTGAGCCGCTGGGCCCCCCGCCACCACTGGGGTACATCGGGCTCAGCGTGGG,chr19,549_0,42249198,gnomAD
138,T,TGGG,TCAGGTACAGAGAGTGCATAGGGGATGCCATTGCCGGCCGCCACTTTGTCCTGGAACTCGGCAAACAGCTGGGGGTTTGCCTTCACCTGGGGATGTCGGTGAAAGTGCACCTTGAGGTTGCCCTTGGTGGTGAAGCGATG,TCAGGTACAGAGAGTGCATAGGGGATGCCATTGCCGGCCGCCACTTTGTCCTGGAACTCGGCAAACAGCTGGGGGGGGTTTGCCTTCACCTGGGGATGTCGGTGAAAGTGCACCTTGAGGTTGCCCTTGGTGGTGAAGCGATG,chr20,1024_0,51791164,gnomAD
139,G,GCTGGCCCCC,CAAATTGCACAGTTAGCCGCGCACCTAAGGAAGCCTTTGGCACCCGGGTCCATTGGTCGGCCCGGTCCAGCTGGCCCCCCTGGGCCCCCAGGACCCCCAGGCTCCATTGGTCACCCTGGCGCTCGAGGACCCCCTGGATA,CAAATTGCACAGTTAGCCGCGCACCTAAGGAAGCCTTTGGCACCCGGGTCCATTGGTCGGCCCGGTCCAGCTGGCCCCCCTGGCCCCCCTGGGCCCCCAGGACCCCCAGGCTCCATTGGTCACCCTGGCGCTCGAGGACCCCCTGGATA,chr20,689_0,62837154,gnomAD
140,A,ACGCTCTATGATGTCAGCCTACGAG,TTCCATGATGTCATCTTACGAACGCTCTATGATGTCTTATGAGCGGTCTATGATGTCCCCTATGGCTGAACGCTCTATGATGTCAGCCTACGAGCGCTCTATGATGTCAGCCTACGAGCGCTCTATGATGTCCCCTATGG,TTCCATGATGTCATCTTACGAACGCTCTATGATGTCTTATGAGCGGTCTATGATGTCCCCTATGGCTGAACGCTCTATGATGTCAGCCTACGAGCGCTCTATGATGTCAGCCTACGAGCGCTCTATGATGTCAGCCTACGAGCGCTCTATGATGTCCCCTATGG,chr21,1024_0,33552321,gnomAD
141,ATGT,A,CTACCCATCTTGATCTAAGTGCTCTTCATAATGTCTTGAACAAACCATTCCACCACCGTCATCCACTGCATGTTTTTACTCATAATAAGCAGAACACAGTAGGAGAAACACTGAGGTCGAATCCTCCACCGTCCCTTGCAATT,CTACCCATCTTGATCTAAGTGCTCTTCATAATGTCTTGAACAAACCATTCCACCACCGTCATCCACTGCATTTTACTCATAATAAGCAGAACACAGTAGGAGAAACACTGAGGTCGAATCCTCCACCGTCCCTTGCAATT,chrX,1024_0,17727432,gnomAD
142,ATCT,A,GGCATAGGGGCCAGCCCTTTCACGAACATTGAGGCAGCCAGGATTTTCTGCTGCAATTCCTGTATTGCAATCTTCTTCAACTACCTCTATGTACTCTCGTTTTATGGTTCCAGCCTAGTGTTCACTGGCTACATAGAAAACAA,GGCATAGGGGCCAGCCCTTTCACGAACATTGAGGCAGCCAGGATTTTCTGCTGCAATTCCTGTATTGCAATCTTCAACTACCTCTATGTACTCTCGTTTTATGGTTCCAGCCTAGTGTTCACTGGCTACATAGAAAACAA,chrX,889_0,23392746,gnomAD
143,A,AGGCGGC,TGCTCAGGCCCAGCGGCGCCCCGCTGGGCGGCAGGCTGGCCGAGCCCGGAGGCGGAGGTAGGCTCGGGAAGGCGGCGGCGGCGGCGGCGGCAGCGGCAGTCCAAGCGGAGTCGAGCGCCGGGTGGTGCGGAGGGAAGGGG,TGCTCAGGCCCAGCGGCGCCCCGCTGGGCGGCAGGCTGGCCGAGCCCGGAGGCGGAGGTAGGCTCGGGAAGGCGGCGGCGGCGGCGGCGGCGGCGGCAGCGGCAGTCCAAGCGGAGTCGAGCGCCGGGTGGTGCGGAGGGAAGGGG,chrX,566_0,25007238,gnomAD
144,CTCT,C,ATCATCATTTTCATCTTCCTCCTCCTCTTCCTCCTCCTCCTCCTCTTCCTCCTCCTCTTCTTTTTCCTCCTCTTCTTCCTCAGAATTACTCTACAGAATTTAAACAATTAGAGGTAAACAGTACAAAGTCATTTAATTTATCC,ATCATCATTTTCATCTTCCTCCTCCTCTTCCTCCTCCTCCTCCTCTTCCTCCTCCTCTTCTTTTTCCTCCTCTTCCTCAGAATTACTCTACAGAATTTAAACAATTAGAGGTAAACAGTACAAAGTCATTTAATTTATCC,chrX,1024_0,77652333,gnomAD
145,TACCACCACCACC,T,TTTCTTTGTTAGTGATTGCCTCACCATCCTATCCATGCCATTCTGCTATTCCTCATGCTGGTGCCTCTCTACCACCACCACCACCACCACCACCACCACCACCACCACCACCACCTCCTCCTCCTCCTCCTCCTCCTCCTCCTCCTCCTCCT,TTTCTTTGTTAGTGATTGCCTCACCATCCTATCCATGCCATTCTGCTATTCCTCATGCTGGTGCCTCTCTACCACCACCACCACCACCACCACCACCACCACCTCCTCCTCCTCCTCCTCCTCCTCCTCCTCCTCCTCCT,chrX,1024_0,111744725,gnomAD
146,CGCCGCCGCCGCT,C,GCCCAACCGTGAGCCGGCAGGCATGGGGCTGAATCCCTTCGGGGACTCAACCCACGCCGCCGCCGCCGCCGCCGCCGCCGCTGCCTTCAAGCTGAGCCCTGCCGCGGCGCACGATCTATCTTCAGGCCAGAGCTCGGCTTTCACGCCGCAGG,GCCCAACCGTGAGCCGGCAGGCATGGGGCTGAATCCCTTCGGGGACTCAACCCACGCCGCCGCCGCCGCCGCCTTCAAGCTGAGCCCTGCCGCGGCGCACGATCTATCTTCAGGCCAGAGCTCGGCTTTCACGCCGCAGG,chrX,455_0,137566841,gnomAD
147,ACTG,A,GCCACCATCACTGTCACCAATACTGCTATTGCCACTGCTACTGTCACTGCTACTGCCATTGTCACCACCACTGTCACAGCTACTGCCACCGCCACGGCCACCACCACAACTACTACCACTACCATTTCCACCATCACCTCTAC,GCCACCATCACTGTCACCAATACTGCTATTGCCACTGCTACTGTCACTGCTACTGCCATTGTCACCACCATCACAGCTACTGCCACCGCCACGGCCACCACCACAACTACTACCACTACCATTTCCACCATCACCTCTAC,chrX,1024_0,148966889,gnomAD
